customerID,gender,SeniorCitizen,tenure,PhoneService,InternetService,Contract,PaperlessBilling,PaymentMethod,MonthlyCharges,TotalCharges,Churn
CUST-0032,male,0,21.0,yes,fiber optic,month-to-month,no,credit card,29.73,600.01,Yes
CUST-0110,male,0,55.0,yes,fiber optic,two year,yes,bank transfer,46.32,2515.48,No
CUST-0137,female,1,46.0,yes,fiber optic,month-to-month,no,mailed check,87.06,4153.97,Yes
CUST-0089,female,1,63.0,yes,fiber optic,month-to-month,yes,mailed check,56.97,3641.3,Yes
CUST-0919,female,0,8.0,yes,dsl,month-to-month,no,electronic check,39.69,309.79,Yes
CUST-0298,male,0,51.0,yes,fiber optic,month-to-month,yes,mailed check,67.12,3591.46,Yes
CUST-0871,male,0,5.0,yes,dsl,month-to-month,yes,mailed check,57.59,291.98,Yes
CUST-0319,male,0,61.0,yes,dsl,one year,yes,mailed check,105.22,6547.31,No
CUST-0262,female,0,41.0,yes,dsl,month-to-month,yes,electronic check,41.74,1760.03,No
CUST-0536,female,0,19.0,yes,no,one year,yes,electronic check,57.72,1149.78,No
CUST-0920,male,0,13.0,yes,fiber optic,month-to-month,no,mailed check,66.97,878.77,Yes
CUST-0597,female,0,30.0,yes,dsl,two year,yes,electronic check,23.2,668.6,No
CUST-0077,female,0,7.0,yes,no,month-to-month,yes,mailed check,31.57,227.07,Yes
CUST-0108,female,0,41.0,yes,fiber optic,month-to-month,yes,mailed check,76.47,1897.93,Yes
CUST-0425,male,1,18.0,no,dsl,month-to-month,no,electronic check,97.42,1763.21,Yes
CUST-0585,female,1,43.0,yes,fiber optic,one year,no,electronic check,24.72,1027.74,No
CUST-0854,female,1,10.0,yes,fiber optic,month-to-month,no,electronic check,45.39,451.97,Yes
CUST-0665,male,1,19.0,yes,fiber optic,two year,yes,credit card,64.97,483.31,No
CUST-0830,male,0,8.0,yes,no,two year,yes,electronic check,43.27,331.4,No
CUST-0421,female,0,38.0,yes,fiber optic,two year,no,mailed check,91.43,3438.64,No
CUST-0598,male,0,57.0,yes,no,month-to-month,yes,credit card,32.31,1764.75,Yes
CUST-0459,male,0,60.0,yes,dsl,month-to-month,yes,bank transfer,85.81,1897.93,Yes
CUST-0313,male,0,55.0,yes,dsl,two year,yes,bank transfer,20.26,1156.29,No
CUST-0650,male,0,39.0,yes,no,month-to-month,yes,credit card,106.03,4177.57,No
CUST-0366,male,0,19.0,no,dsl,two year,yes,bank transfer,42.25,779.98,No
CUST-0322,female,0,27.0,yes,no,one year,no,credit card,92.97,2445.32,No
CUST-0630,male,0,3.0,yes,fiber optic,one year,yes,bank transfer,43.72,128.22,No
CUST-0915,female,0,17.0,yes,fiber optic,one year,yes,bank transfer,33.22,562.84,No
CUST-0469,male,1,34.0,yes,dsl,month-to-month,no,electronic check,100.29,3439.15,No
CUST-0599,male,0,47.0,yes,dsl,month-to-month,yes,credit card,88.76,3964.26,No
CUST-0395,male,0,51.0,yes,fiber optic,month-to-month,yes,credit card,85.06,4475.06,No
CUST-0537,female,0,64.0,yes,dsl,month-to-month,yes,mailed check,90.5,5519.97,Yes
CUST-0721,female,0,37.0,yes,fiber optic,two year,no,credit card,33.93,1211.79,No
CUST-0334,male,1,49.0,yes,dsl,month-to-month,yes,mailed check,34.68,1681.06,Yes
CUST-0410,male,1,41.0,yes,no,two year,no,mailed check,82.84,3410.42,Yes
CUST-0060,male,0,2.0,yes,dsl,month-to-month,no,bank transfer,91.08,191.03,No
CUST-0257,female,0,41.0,yes,fiber optic,month-to-month,no,bank transfer,64.97,3480.64,Yes
CUST-0970,male,0,41.0,yes,fiber optic,two year,no,bank transfer,74.72,3013.27,No
CUST-0686,female,1,4.0,yes,dsl,two year,no,electronic check,45.26,184.43,No
CUST-0343,male,1,62.0,yes,fiber optic,one year,yes,electronic check,48.19,2867.83,No
CUST-0636,male,0,61.0,yes,fiber optic,two year,no,credit card,29.7,1897.93,No
CUST-0709,male,0,9.0,no,fiber optic,two year,yes,mailed check,25.97,223.55,No
CUST-0011,male,0,56.0,no,no,month-to-month,yes,mailed check,57.39,1897.93,No
CUST-0486,female,0,51.0,yes,no,month-to-month,no,electronic check,68.43,1897.93,Yes
CUST-0210,male,1,57.0,yes,no,month-to-month,no,bank transfer,87.34,5134.85,Yes
CUST-0140,female,0,63.0,yes,fiber optic,two year,yes,bank transfer,89.89,5588.37,No
CUST-0389,female,1,41.0,yes,no,month-to-month,no,mailed check,23.03,957.89,Yes
CUST-0623,male,0,63.0,yes,fiber optic,month-to-month,yes,electronic check,99.57,6560.55,No
CUST-0825,female,0,16.0,yes,dsl,one year,yes,electronic check,94.96,1507.47,Yes
CUST-0718,female,0,70.0,yes,fiber optic,month-to-month,yes,credit card,76.76,5549.35,Yes
CUST-0846,male,0,28.0,yes,dsl,month-to-month,yes,mailed check,107.97,3125.56,No
CUST-0688,male,0,8.0,yes,fiber optic,month-to-month,no,electronic check,44.12,360.48,Yes
CUST-0936,male,0,48.0,yes,fiber optic,two year,no,mailed check,83.27,4194.59,No
CUST-0582,female,0,61.0,yes,fiber optic,one year,no,electronic check,64.97,1712.65,No
CUST-0383,female,1,33.0,yes,dsl,month-to-month,no,electronic check,93.39,3136.56,No
CUST-0071,female,0,10.0,yes,dsl,one year,yes,mailed check,41.97,413.02,No
CUST-0261,female,0,2.0,yes,dsl,month-to-month,no,electronic check,52.93,1897.93,No
CUST-0801,female,1,43.0,yes,dsl,one year,yes,bank transfer,74.56,3049.0,No
CUST-0454,female,0,65.0,yes,dsl,one year,no,credit card,31.24,2108.62,No
CUST-0592,female,1,66.0,yes,dsl,month-to-month,no,electronic check,64.97,3716.68,No
CUST-0907,female,1,18.0,yes,dsl,one year,yes,electronic check,49.11,902.72,No
CUST-0785,male,0,53.0,yes,dsl,month-to-month,yes,credit card,69.13,3718.68,Yes
CUST-0214,male,0,36.0,yes,fiber optic,month-to-month,yes,credit card,88.67,1455.85,Yes
CUST-0097,female,0,52.0,yes,dsl,one year,yes,mailed check,63.45,3257.67,No
CUST-0680,female,0,28.0,no,no,month-to-month,no,electronic check,48.31,1399.11,Yes
CUST-0850,female,0,71.0,yes,dsl,month-to-month,no,bank transfer,30.87,2218.5,Yes
CUST-0913,female,1,29.0,yes,dsl,month-to-month,yes,credit card,64.97,1917.39,Yes
CUST-0881,male,0,46.0,yes,fiber optic,month-to-month,yes,bank transfer,68.43,3074.46,Yes
CUST-0193,female,0,40.0,no,no,one year,no,electronic check,52.53,2152.86,Yes
CUST-0281,female,0,36.0,yes,dsl,month-to-month,no,electronic check,108.8,943.17,No
CUST-0534,female,0,17.0,yes,no,one year,yes,electronic check,76.74,1319.73,No
CUST-0683,male,0,22.0,yes,fiber optic,month-to-month,yes,credit card,59.96,1368.16,Yes
CUST-0618,male,0,60.0,yes,dsl,month-to-month,yes,bank transfer,90.83,5275.1,No
CUST-0983,male,0,26.0,yes,dsl,month-to-month,yes,bank transfer,84.47,2131.49,No
CUST-0911,female,0,6.0,yes,fiber optic,month-to-month,yes,electronic check,34.2,197.73,No
CUST-0185,male,0,69.0,yes,no,month-to-month,yes,credit card,64.97,1738.72,Yes
CUST-0031,female,0,58.0,yes,no,month-to-month,no,electronic check,77.92,4625.56,No
CUST-0329,male,0,48.0,yes,fiber optic,month-to-month,yes,electronic check,64.97,3915.92,No
CUST-0507,female,0,49.0,yes,fiber optic,one year,yes,bank transfer,25.81,1897.93,No
CUST-0055,female,1,17.0,yes,fiber optic,two year,yes,electronic check,38.86,648.36,No
CUST-0024,male,1,71.0,yes,no,month-to-month,no,electronic check,85.92,5812.29,Yes
CUST-0102,female,1,69.0,yes,dsl,two year,yes,credit card,32.33,2221.55,Yes
CUST-0550,female,0,12.0,yes,no,one year,no,electronic check,85.49,991.47,No
CUST-0248,female,0,40.0,yes,dsl,two year,no,credit card,47.95,1974.76,No
CUST-0004,female,0,14.0,yes,dsl,one year,no,mailed check,44.77,606.39,No
CUST-0087,female,0,28.0,yes,fiber optic,one year,no,electronic check,102.34,2770.45,No
CUST-0844,female,0,15.0,yes,no,month-to-month,yes,credit card,92.58,1436.2,No
CUST-0953,male,0,17.0,yes,dsl,month-to-month,no,electronic check,46.91,820.38,Yes
CUST-0291,male,0,36.0,yes,fiber optic,month-to-month,yes,mailed check,25.08,1897.93,No
CUST-0211,female,0,53.0,yes,no,month-to-month,no,electronic check,30.21,1604.28,Yes
CUST-0803,female,0,60.0,yes,dsl,two year,no,bank transfer,22.2,1279.97,No
CUST-0175,female,0,34.0,yes,no,month-to-month,no,mailed check,64.97,1939.95,No
CUST-0200,female,0,63.0,yes,dsl,two year,yes,electronic check,96.53,6265.33,Yes
CUST-0903,male,0,64.0,yes,no,month-to-month,yes,electronic check,106.82,7016.28,Yes
CUST-0064,male,0,16.0,yes,no,month-to-month,no,credit card,27.11,1897.93,No
CUST-0266,female,0,48.0,yes,fiber optic,month-to-month,yes,credit card,29.5,1435.94,No
CUST-0232,female,0,48.0,yes,no,month-to-month,yes,electronic check,91.45,4280.12,Yes
CUST-0804,female,0,65.0,yes,fiber optic,one year,yes,electronic check,91.16,6020.1,Yes
CUST-0626,male,0,-1.0,yes,fiber optic,month-to-month,yes,bank transfer,24.36,854.95,No
CUST-0569,female,0,4.0,yes,no,month-to-month,no,credit card,64.97,156.12,Yes
CUST-0855,male,1,45.0,no,no,month-to-month,no,credit card,999.0,1847.81,No
CUST-0040,male,0,41.0,yes,fiber optic,two year,yes,electronic check,76.57,3248.43,No
CUST-0807,female,0,47.0,yes,fiber optic,month-to-month,yes,electronic check,20.53,936.63,No
CUST-0169,male,0,21.0,yes,dsl,one year,no,mailed check,36.49,800.13,No
CUST-0591,male,0,36.0,no,fiber optic,month-to-month,no,electronic check,34.01,705.18,No
CUST-0465,female,1,38.0,yes,dsl,two year,yes,electronic check,64.07,2513.11,No
CUST-0999,female,0,67.0,yes,dsl,month-to-month,yes,mailed check,25.48,1669.43,No
CUST-0443,male,0,-3.0,yes,fiber optic,month-to-month,no,mailed check,35.94,851.96,No
CUST-0909,male,0,55.0,yes,no,two year,no,credit card,65.03,3731.89,No
CUST-0067,male,0,40.0,yes,dsl,one year,yes,credit card,94.38,3916.82,No
CUST-0308,male,0,22.0,yes,fiber optic,month-to-month,yes,electronic check,88.2,2004.13,No
CUST-0068,female,0,38.0,yes,dsl,month-to-month,no,bank transfer,102.24,3701.2,Yes
CUST-0199,female,0,1.0,yes,dsl,month-to-month,no,mailed check,57.42,59.45,No
CUST-0529,male,0,36.0,yes,fiber optic,one year,no,electronic check,48.64,949.12,No
CUST-0482,female,0,26.0,yes,fiber optic,month-to-month,no,bank transfer,25.66,663.37,Yes
CUST-0758,female,0,54.0,yes,dsl,two year,yes,bank transfer,64.97,1897.93,No
CUST-0988,male,0,23.0,yes,no,one year,yes,electronic check,33.84,778.03,No
CUST-0363,male,0,45.0,no,no,month-to-month,no,mailed check,92.27,1897.93,Yes
CUST-0845,male,1,32.0,no,fiber optic,month-to-month,yes,mailed check,65.92,2070.11,Yes
CUST-0559,female,0,33.0,yes,dsl,month-to-month,no,bank transfer,108.65,3607.91,No
CUST-0619,female,0,1.0,yes,dsl,one year,yes,electronic check,30.47,29.02,No
CUST-0353,female,0,39.0,yes,fiber optic,month-to-month,yes,bank transfer,49.53,1837.95,Yes
CUST-0761,male,0,34.0,yes,fiber optic,two year,no,bank transfer,56.7,1892.71,No
CUST-0930,male,0,28.0,yes,no,one year,no,bank transfer,48.26,1351.51,No
CUST-0293,female,0,36.0,yes,fiber optic,one year,yes,credit card,46.52,856.61,No
CUST-0753,female,0,31.0,yes,dsl,month-to-month,yes,credit card,54.08,1625.04,Yes
CUST-0101,male,0,36.0,yes,fiber optic,one year,no,mailed check,79.38,1510.12,No
CUST-0158,female,1,61.0,yes,fiber optic,month-to-month,no,bank transfer,92.52,5637.98,Yes
CUST-0646,female,0,13.0,yes,fiber optic,month-to-month,yes,mailed check,71.93,909.44,Yes
CUST-0809,male,0,27.0,yes,dsl,two year,yes,credit card,25.68,694.95,No
CUST-0306,female,1,28.0,yes,dsl,two year,yes,credit card,40.77,1139.39,No
CUST-0629,male,0,-5.0,yes,dsl,two year,no,mailed check,63.51,1932.41,No
CUST-0159,male,1,9.0,yes,fiber optic,month-to-month,yes,bank transfer,44.42,400.48,Yes
CUST-0552,female,0,17.0,yes,fiber optic,month-to-month,no,credit card,26.46,447.85,No
CUST-0003,female,1,55.0,yes,dsl,two year,no,mailed check,94.3,5132.29,No
CUST-0729,male,0,47.0,yes,fiber optic,month-to-month,no,electronic check,88.31,4063.61,Yes
CUST-0209,male,0,21.0,yes,fiber optic,month-to-month,yes,credit card,56.83,1242.47,Yes
CUST-0300,male,0,20.0,yes,dsl,month-to-month,yes,electronic check,50.13,983.63,Yes
CUST-0851,male,0,36.0,yes,fiber optic,month-to-month,yes,bank transfer,58.35,3291.15,No
CUST-0437,male,0,63.0,yes,no,two year,yes,credit card,38.98,2351.21,No
CUST-0870,female,0,26.0,yes,fiber optic,month-to-month,no,bank transfer,86.56,1897.93,Yes
CUST-0412,female,0,35.0,no,fiber optic,month-to-month,yes,credit card,21.83,727.86,No
CUST-0615,female,0,13.0,yes,dsl,month-to-month,no,electronic check,103.43,1409.19,No
CUST-0908,male,0,19.0,yes,fiber optic,one year,yes,electronic check,22.08,435.0,No
CUST-0997,female,1,37.0,yes,fiber optic,month-to-month,yes,mailed check,52.06,1967.47,No
CUST-0963,male,0,10.0,yes,fiber optic,two year,yes,bank transfer,67.3,700.19,No
CUST-0701,female,1,36.0,no,no,two year,yes,bank transfer,64.97,4846.4,No
CUST-0779,female,0,36.0,no,fiber optic,one year,no,bank transfer,35.45,1721.76,No
CUST-0307,female,0,-1.0,yes,no,month-to-month,no,credit card,51.57,200.22,Yes
CUST-0222,female,0,14.0,yes,dsl,two year,yes,bank transfer,81.63,1116.03,No
CUST-0494,male,0,42.0,yes,fiber optic,month-to-month,no,bank transfer,72.84,1897.93,No
CUST-0424,male,0,54.0,yes,fiber optic,two year,yes,bank transfer,77.6,4279.56,No
CUST-0299,female,0,38.0,yes,fiber optic,two year,yes,electronic check,38.42,1420.09,No
CUST-0468,female,0,8.0,yes,fiber optic,month-to-month,yes,bank transfer,51.32,411.1,No
CUST-0885,female,0,62.0,yes,dsl,month-to-month,yes,electronic check,23.33,1400.93,Yes
CUST-0756,female,0,9.0,yes,no,month-to-month,yes,electronic check,69.81,628.78,No
CUST-0107,male,0,24.0,yes,fiber optic,month-to-month,no,credit card,106.5,2452.89,No
CUST-0859,female,1,28.0,yes,dsl,month-to-month,yes,electronic check,88.46,2519.07,No
CUST-0056,female,0,70.0,yes,fiber optic,two year,yes,electronic check,33.06,2385.97,No
CUST-0121,female,1,3.0,yes,dsl,month-to-month,yes,bank transfer,80.66,1897.93,Yes
CUST-0311,male,0,66.0,no,fiber optic,month-to-month,no,electronic check,71.03,1897.93,Yes
CUST-0026,female,0,42.0,yes,fiber optic,one year,yes,bank transfer,81.18,3245.74,No
CUST-0073,male,0,63.0,yes,dsl,month-to-month,no,electronic check,72.78,4443.93,No
CUST-0531,female,0,8.0,yes,dsl,two year,no,electronic check,87.13,720.33,No
CUST-0045,male,1,33.0,yes,no,one year,yes,electronic check,107.97,3423.09,No
CUST-0276,female,0,20.0,yes,fiber optic,month-to-month,no,mailed check,104.4,2029.32,No
CUST-0479,female,0,67.0,yes,fiber optic,month-to-month,no,credit card,107.11,7398.14,Yes
CUST-0315,female,0,38.0,yes,fiber optic,month-to-month,yes,electronic check,29.98,1181.99,No
CUST-0337,female,0,8.0,yes,dsl,two year,yes,electronic check,35.14,279.75,No
CUST-0690,male,0,31.0,yes,fiber optic,one year,yes,mailed check,79.34,2398.61,No
CUST-0431,male,0,32.0,yes,fiber optic,month-to-month,yes,electronic check,25.33,798.88,No
CUST-0951,female,0,20.0,yes,no,month-to-month,yes,mailed check,90.5,1740.92,No
CUST-0834,male,0,67.0,yes,fiber optic,month-to-month,no,electronic check,83.07,5576.06,Yes
CUST-0589,male,0,42.0,no,fiber optic,month-to-month,no,electronic check,67.03,2786.08,Yes
CUST-0704,male,0,29.0,yes,fiber optic,two year,no,electronic check,86.31,2434.07,No
CUST-0328,female,0,35.0,yes,no,month-to-month,yes,electronic check,29.55,1015.44,No
CUST-0716,female,1,13.0,yes,no,month-to-month,yes,credit card,99.15,1287.69,Yes
CUST-0604,male,0,71.0,yes,fiber optic,month-to-month,no,bank transfer,100.88,7313.2,No
CUST-0928,female,0,37.0,yes,fiber optic,one year,yes,bank transfer,27.78,1055.09,No
CUST-0981,male,0,47.0,yes,fiber optic,month-to-month,yes,electronic check,999.0,3784.76,No
CUST-0972,female,0,69.0,yes,no,month-to-month,yes,mailed check,60.88,4158.85,Yes
CUST-0763,male,0,8.0,yes,no,one year,yes,electronic check,89.12,713.77,No
CUST-0332,female,0,13.0,yes,fiber optic,month-to-month,no,mailed check,103.59,1364.79,Yes
CUST-0061,male,1,22.0,no,dsl,month-to-month,no,credit card,64.97,1763.82,Yes
CUST-0746,female,0,28.0,yes,dsl,month-to-month,no,credit card,108.06,1897.93,No
CUST-0372,male,0,69.0,yes,no,two year,no,bank transfer,38.92,2619.63,No
CUST-0093,female,0,44.0,yes,dsl,month-to-month,yes,mailed check,75.39,3403.31,No
CUST-0723,male,0,58.0,yes,no,two year,yes,electronic check,49.64,1897.93,No
CUST-0491,male,0,30.0,yes,fiber optic,one year,yes,bank transfer,34.45,987.69,No
CUST-0463,female,0,11.0,yes,fiber optic,month-to-month,yes,bank transfer,106.61,1179.84,Yes
CUST-0219,female,0,59.0,yes,fiber optic,month-to-month,yes,bank transfer,58.51,3555.54,No
CUST-0514,female,0,32.0,yes,fiber optic,one year,no,electronic check,96.5,3193.46,No
CUST-0621,male,0,35.0,yes,dsl,month-to-month,yes,mailed check,107.14,3782.72,Yes
CUST-0426,female,1,36.0,yes,no,two year,yes,electronic check,105.12,3937.28,No
CUST-0333,male,0,61.0,yes,fiber optic,month-to-month,yes,credit card,92.39,5654.23,Yes
CUST-0860,male,0,65.0,yes,fiber optic,one year,no,electronic check,63.27,1897.93,No
CUST-0990,female,0,8.0,yes,fiber optic,month-to-month,yes,electronic check,102.34,1897.93,Yes
CUST-0583,male,0,31.0,yes,dsl,month-to-month,yes,electronic check,22.03,698.3,No
CUST-0356,female,1,39.0,yes,dsl,month-to-month,yes,bank transfer,60.79,2285.26,No
CUST-0483,male,0,27.0,yes,dsl,two year,no,mailed check,62.85,1719.47,No
CUST-0546,male,0,56.0,yes,no,month-to-month,yes,credit card,64.75,3807.12,No
CUST-0111,male,0,9.0,yes,fiber optic,one year,yes,credit card,83.48,756.04,Yes
CUST-0515,male,0,51.0,no,dsl,one year,yes,mailed check,96.17,1897.93,No
CUST-0603,male,0,26.0,no,dsl,month-to-month,yes,credit card,91.93,2341.44,Yes
CUST-0996,male,0,15.0,yes,fiber optic,month-to-month,no,mailed check,69.18,1008.36,Yes
CUST-0508,female,0,13.0,yes,fiber optic,month-to-month,yes,credit card,71.99,960.6,Yes
CUST-0335,male,1,46.0,yes,no,one year,no,mailed check,42.43,1911.06,No
CUST-0849,female,1,59.0,no,dsl,month-to-month,yes,mailed check,60.32,3562.46,No
CUST-0295,male,0,52.0,no,fiber optic,two year,yes,electronic check,40.14,2020.74,No
CUST-0287,male,0,47.0,yes,dsl,month-to-month,no,electronic check,101.88,4836.89,No
CUST-0939,male,0,67.0,yes,fiber optic,month-to-month,yes,electronic check,54.69,3691.66,Yes
CUST-0448,female,0,37.0,yes,dsl,month-to-month,yes,bank transfer,45.61,1725.05,No
CUST-0693,female,0,57.0,yes,fiber optic,month-to-month,no,mailed check,34.28,1897.93,Yes
CUST-0653,female,0,55.0,yes,fiber optic,two year,no,credit card,93.53,4995.17,No
CUST-0969,female,0,22.0,yes,fiber optic,one year,no,mailed check,57.81,1269.7,No
CUST-0278,female,1,44.0,yes,dsl,two year,yes,bank transfer,21.76,936.09,No
CUST-0759,female,0,56.0,yes,fiber optic,month-to-month,no,electronic check,103.45,5986.1,Yes
CUST-0138,female,0,16.0,yes,dsl,month-to-month,yes,electronic check,39.22,628.0,No
CUST-0502,female,0,17.0,yes,no,one year,yes,bank transfer,106.06,1725.58,No
CUST-0405,male,0,38.0,yes,fiber optic,month-to-month,no,electronic check,28.4,1087.15,No
CUST-0524,female,0,13.0,no,dsl,month-to-month,yes,mailed check,109.74,1362.8,No
CUST-0781,female,0,10.0,yes,fiber optic,one year,no,mailed check,22.29,220.51,No
CUST-0978,male,0,19.0,yes,no,two year,no,electronic check,94.94,1829.79,No
CUST-0581,male,0,47.0,no,fiber optic,month-to-month,no,bank transfer,106.76,5185.97,Yes
CUST-0238,male,0,45.0,yes,no,month-to-month,no,bank transfer,29.71,1366.25,Yes
CUST-0989,male,0,15.0,yes,fiber optic,month-to-month,yes,mailed check,91.41,1359.96,No
CUST-0216,male,0,9.0,yes,fiber optic,month-to-month,yes,electronic check,105.9,923.4,Yes
CUST-0895,female,0,11.0,yes,dsl,month-to-month,no,bank transfer,34.72,379.31,Yes
CUST-0245,male,0,36.0,yes,dsl,two year,yes,mailed check,62.78,3386.98,No
CUST-0553,female,0,19.0,yes,no,month-to-month,no,bank transfer,87.26,1639.01,No
CUST-0838,male,0,44.0,yes,fiber optic,one year,no,electronic check,76.11,3294.19,Yes
CUST-0864,male,0,54.0,yes,fiber optic,month-to-month,yes,credit card,37.72,2004.6,Yes
CUST-0668,male,1,31.0,yes,no,month-to-month,yes,bank transfer,70.67,2222.0,Yes
CUST-0622,male,0,66.0,yes,dsl,one year,no,electronic check,103.06,6503.79,No
CUST-0079,male,0,20.0,yes,dsl,month-to-month,no,credit card,81.95,1644.18,No
CUST-0030,male,0,37.0,yes,no,two year,yes,mailed check,62.55,2338.39,No
CUST-0451,female,0,36.0,yes,fiber optic,one year,no,credit card,74.72,2818.63,No
CUST-0290,female,0,46.0,yes,dsl,month-to-month,yes,mailed check,32.07,1539.34,No
CUST-0050,male,0,58.0,yes,dsl,month-to-month,no,mailed check,109.84,6489.59,Yes
CUST-0671,male,0,32.0,yes,dsl,two year,yes,bank transfer,43.13,1419.67,No
CUST-0799,female,0,24.0,no,no,month-to-month,yes,electronic check,78.37,1864.45,Yes
CUST-0166,female,0,47.0,yes,dsl,month-to-month,yes,electronic check,78.72,3883.79,No
CUST-0931,male,0,42.0,yes,no,month-to-month,no,electronic check,61.36,2519.05,No
CUST-0179,female,0,58.0,yes,dsl,month-to-month,yes,mailed check,41.43,2349.14,No
CUST-0694,male,0,26.0,yes,fiber optic,month-to-month,no,bank transfer,48.14,1231.27,No
CUST-0066,female,0,39.0,yes,dsl,month-to-month,yes,mailed check,90.63,3631.23,No
CUST-0142,male,0,30.0,yes,dsl,one year,no,electronic check,25.35,725.63,No
CUST-0986,male,0,21.0,no,fiber optic,one year,yes,bank transfer,102.51,2082.07,No
CUST-0352,female,0,59.0,yes,no,one year,no,credit card,20.48,1197.99,No
CUST-0862,male,0,47.0,yes,fiber optic,month-to-month,no,electronic check,64.97,4068.7,Yes
CUST-0441,male,1,57.0,yes,dsl,month-to-month,no,electronic check,101.33,6009.5,No
CUST-0347,female,0,49.0,yes,fiber optic,month-to-month,no,mailed check,59.85,3019.9,No
CUST-0255,male,0,53.0,yes,no,one year,no,bank transfer,23.26,1175.01,No
CUST-0695,male,0,18.0,yes,no,month-to-month,no,bank transfer,29.53,505.72,Yes
CUST-0345,male,0,36.0,yes,no,month-to-month,yes,electronic check,64.97,430.38,No
CUST-0236,female,0,19.0,yes,fiber optic,month-to-month,no,bank transfer,22.6,449.19,Yes
CUST-0548,female,0,41.0,yes,fiber optic,month-to-month,no,mailed check,37.27,1539.7,No
CUST-0500,female,1,59.0,yes,no,month-to-month,yes,electronic check,46.23,2772.52,Yes
CUST-0596,male,0,56.0,yes,dsl,two year,no,bank transfer,48.49,1897.93,No
CUST-0941,male,0,45.0,yes,fiber optic,one year,no,mailed check,95.77,4251.21,Yes
CUST-0250,female,0,36.0,no,no,month-to-month,yes,credit card,82.19,761.41,No
CUST-0641,male,0,34.0,yes,dsl,month-to-month,yes,mailed check,75.97,2546.17,No
CUST-0382,female,0,68.0,yes,fiber optic,one year,no,credit card,25.64,1694.64,No
CUST-0072,male,0,64.0,yes,fiber optic,month-to-month,yes,mailed check,64.97,5838.56,No
CUST-0095,female,0,6.0,yes,dsl,month-to-month,yes,mailed check,60.25,359.9,Yes
CUST-0034,female,0,36.0,yes,fiber optic,one year,yes,electronic check,107.48,333.38,Yes
CUST-0260,male,0,8.0,yes,fiber optic,one year,yes,mailed check,90.31,690.91,No
CUST-0205,female,0,47.0,yes,fiber optic,month-to-month,no,mailed check,70.49,1897.93,Yes
CUST-0360,female,0,19.0,yes,dsl,month-to-month,yes,mailed check,23.65,1897.93,Yes
CUST-0602,male,0,8.0,yes,fiber optic,month-to-month,yes,credit card,27.78,225.3,Yes
CUST-0399,female,0,39.0,yes,dsl,one year,yes,credit card,101.3,3993.88,Yes
CUST-0078,male,0,36.0,yes,dsl,month-to-month,no,bank transfer,22.35,483.6,No
CUST-0085,male,1,40.0,yes,fiber optic,month-to-month,no,bank transfer,21.7,858.8,No
CUST-0320,male,0,12.0,yes,fiber optic,one year,yes,bank transfer,62.08,1897.93,No
CUST-0083,male,0,14.0,yes,dsl,month-to-month,yes,electronic check,27.59,393.15,No
CUST-0948,female,0,32.0,yes,no,two year,yes,electronic check,47.79,1476.56,No
CUST-0708,female,0,19.0,yes,dsl,one year,no,credit card,103.48,1897.93,No
CUST-0539,male,0,54.0,no,dsl,one year,yes,bank transfer,82.82,4527.57,No
CUST-0544,female,0,11.0,yes,dsl,month-to-month,yes,electronic check,24.16,261.89,No
CUST-0826,female,0,43.0,yes,no,month-to-month,yes,bank transfer,86.84,3602.23,No
CUST-0429,male,0,36.0,yes,fiber optic,two year,yes,bank transfer,27.08,835.61,No
CUST-0310,male,0,67.0,yes,dsl,month-to-month,yes,mailed check,82.01,1897.93,No
CUST-0006,male,0,16.0,yes,fiber optic,month-to-month,yes,bank transfer,83.7,1312.17,No
CUST-0789,male,0,24.0,yes,dsl,month-to-month,yes,mailed check,73.45,1765.13,No
CUST-0105,female,1,12.0,no,fiber optic,two year,no,bank transfer,74.77,902.51,No
CUST-0098,male,0,23.0,yes,dsl,two year,no,credit card,49.08,1151.64,No
CUST-0297,female,0,36.0,yes,fiber optic,month-to-month,yes,mailed check,109.19,2283.7,Yes
CUST-0409,female,0,36.0,no,fiber optic,month-to-month,no,bank transfer,106.05,201.87,Yes
CUST-0446,female,0,56.0,yes,dsl,month-to-month,yes,electronic check,70.97,3830.36,Yes
CUST-0904,female,0,59.0,yes,dsl,one year,yes,credit card,65.83,3916.82,No
CUST-0282,male,0,68.0,yes,dsl,two year,yes,credit card,75.74,5029.75,No
CUST-0267,female,0,30.0,yes,dsl,month-to-month,no,bank transfer,83.59,2460.15,No
CUST-0740,male,0,36.0,yes,fiber optic,month-to-month,yes,mailed check,43.36,886.3,Yes
CUST-0887,female,0,46.0,yes,no,one year,no,electronic check,83.43,3850.6,No
CUST-0535,female,0,36.0,yes,fiber optic,month-to-month,yes,bank transfer,101.71,3615.88,No
CUST-0433,female,0,67.0,yes,no,two year,no,electronic check,36.62,2482.05,No
CUST-0912,male,1,4.0,yes,dsl,one year,yes,electronic check,88.79,345.82,No
CUST-0657,male,0,65.0,no,fiber optic,one year,no,credit card,50.18,3113.0,No
CUST-0119,female,0,2.0,yes,fiber optic,month-to-month,no,credit card,93.9,185.97,No
CUST-0406,female,0,3.0,yes,dsl,month-to-month,no,bank transfer,66.88,199.53,Yes
CUST-0251,male,0,64.0,yes,no,month-to-month,no,bank transfer,56.37,3557.13,Yes
CUST-0378,male,0,49.0,yes,fiber optic,month-to-month,yes,electronic check,73.7,3714.7,No
CUST-0616,female,0,8.0,yes,fiber optic,month-to-month,yes,credit card,64.97,641.78,Yes
CUST-0010,female,0,45.0,yes,dsl,month-to-month,yes,credit card,55.92,2627.68,Yes
CUST-0358,female,0,64.0,yes,fiber optic,month-to-month,yes,electronic check,52.39,3335.52,Yes
CUST-0197,female,1,70.0,yes,dsl,month-to-month,yes,electronic check,60.31,1897.93,Yes
CUST-0632,female,0,60.0,yes,fiber optic,month-to-month,no,electronic check,34.65,2027.89,No
CUST-0082,female,0,15.0,yes,fiber optic,two year,no,electronic check,41.06,1897.93,No
CUST-0527,male,0,17.0,yes,fiber optic,two year,yes,bank transfer,105.97,1872.93,No
CUST-0831,male,1,45.0,yes,dsl,month-to-month,yes,bank transfer,101.06,4606.42,Yes
CUST-0906,female,0,11.0,yes,no,month-to-month,no,credit card,52.07,572.09,No
CUST-0240,male,0,63.0,yes,fiber optic,month-to-month,yes,mailed check,95.5,6130.37,Yes
CUST-0324,male,0,36.0,yes,fiber optic,one year,no,credit card,103.39,6919.4,No
CUST-0212,female,0,46.0,yes,fiber optic,one year,yes,credit card,42.28,1997.7,No
CUST-0847,male,0,22.0,yes,fiber optic,month-to-month,no,credit card,45.35,990.57,No
CUST-0549,female,0,46.0,yes,fiber optic,month-to-month,yes,credit card,64.97,2347.06,Yes
CUST-0498,male,0,18.0,yes,dsl,month-to-month,yes,electronic check,80.37,1501.5,No
CUST-0228,male,0,40.0,yes,no,one year,yes,electronic check,86.63,3486.86,No
CUST-0892,female,0,44.0,yes,fiber optic,two year,yes,credit card,51.61,2181.5,No
CUST-0815,female,0,37.0,yes,no,two year,yes,mailed check,90.6,3409.82,No
CUST-0829,female,0,32.0,yes,dsl,month-to-month,no,bank transfer,22.85,748.3,No
CUST-0178,male,0,47.0,yes,dsl,two year,no,electronic check,20.89,1013.71,No
CUST-0975,male,0,51.0,yes,no,one year,no,bank transfer,90.55,4694.48,No
CUST-0434,male,0,36.0,yes,dsl,two year,yes,bank transfer,50.7,1419.44,No
CUST-0944,female,0,54.0,yes,fiber optic,one year,yes,credit card,78.99,4358.79,Yes
CUST-0517,male,0,21.0,yes,fiber optic,one year,no,bank transfer,94.92,1896.16,No
CUST-0351,female,1,51.0,no,dsl,month-to-month,yes,bank transfer,24.42,1198.9,Yes
CUST-0519,female,0,11.0,yes,dsl,month-to-month,yes,mailed check,58.15,626.67,No
CUST-0008,female,1,70.0,yes,no,month-to-month,yes,electronic check,100.69,1897.93,No
CUST-0156,male,0,26.0,yes,fiber optic,month-to-month,yes,credit card,29.2,752.9,No
CUST-0945,male,0,27.0,yes,fiber optic,two year,yes,electronic check,20.74,565.78,No
CUST-0330,male,0,56.0,yes,dsl,month-to-month,yes,electronic check,108.08,5899.33,Yes
CUST-0543,male,0,21.0,yes,fiber optic,month-to-month,no,electronic check,84.15,1842.19,No
CUST-0440,male,0,32.0,yes,no,one year,no,electronic check,70.28,2176.6,No
CUST-0810,male,0,53.0,yes,fiber optic,month-to-month,no,credit card,102.22,5208.81,No
CUST-0901,male,0,48.0,yes,fiber optic,two year,yes,bank transfer,30.22,1378.2,No
CUST-0371,male,1,45.0,yes,no,one year,no,credit card,49.49,2174.17,No
CUST-0605,male,0,30.0,yes,fiber optic,one year,yes,electronic check,104.7,3037.14,No
CUST-0974,male,0,56.0,yes,no,month-to-month,no,electronic check,64.97,5362.96,Yes
CUST-0594,male,0,24.0,yes,dsl,two year,yes,bank transfer,29.94,694.14,No
CUST-0877,female,0,27.0,no,no,month-to-month,yes,credit card,73.13,1945.96,Yes
CUST-0555,female,0,36.0,yes,fiber optic,one year,no,bank transfer,68.86,3162.99,No
CUST-0754,male,0,2.0,yes,no,two year,no,electronic check,57.63,117.2,No
CUST-0874,male,1,36.0,yes,fiber optic,month-to-month,no,bank transfer,92.54,3122.77,No
CUST-0533,female,0,5.0,no,dsl,month-to-month,no,mailed check,62.59,303.97,Yes
CUST-0867,male,0,47.0,yes,fiber optic,two year,no,mailed check,52.51,2587.73,No
CUST-0229,female,1,14.0,no,no,month-to-month,yes,electronic check,48.15,667.5,No
CUST-0391,female,0,2.0,yes,dsl,two year,no,credit card,74.79,1897.93,No
CUST-0760,female,0,45.0,yes,fiber optic,month-to-month,yes,mailed check,72.97,3443.62,Yes
CUST-0213,female,0,14.0,yes,fiber optic,two year,no,electronic check,92.66,1300.18,No
CUST-0080,male,1,26.0,yes,fiber optic,month-to-month,yes,credit card,74.37,1897.93,Yes
CUST-0149,male,1,69.0,no,dsl,two year,no,credit card,44.21,1897.93,No
CUST-0303,female,0,4.0,yes,no,month-to-month,yes,electronic check,32.17,128.29,Yes
CUST-0449,male,1,36.0,yes,dsl,month-to-month,yes,credit card,35.3,239.05,No
CUST-0362,female,0,46.0,yes,fiber optic,month-to-month,yes,electronic check,64.97,4333.79,No
CUST-0532,female,0,28.0,yes,no,one year,yes,bank transfer,54.04,1438.7,No
CUST-0530,female,0,37.0,yes,fiber optic,month-to-month,no,electronic check,34.94,1246.44,Yes
CUST-0044,female,0,36.0,yes,dsl,month-to-month,yes,mailed check,49.17,3570.35,No
CUST-0674,female,0,54.0,yes,dsl,month-to-month,no,bank transfer,106.89,5819.5,Yes
CUST-0134,male,0,9.0,yes,no,month-to-month,yes,electronic check,50.28,435.0,No
CUST-0576,female,0,38.0,yes,fiber optic,month-to-month,yes,credit card,77.49,2932.15,No
CUST-0312,male,1,34.0,yes,no,month-to-month,no,bank transfer,64.97,2747.62,No
CUST-0635,male,1,45.0,no,dsl,month-to-month,no,credit card,79.52,3697.29,Yes
CUST-0568,male,0,47.0,yes,no,month-to-month,yes,electronic check,86.51,1897.93,Yes
CUST-0821,female,0,58.0,yes,no,month-to-month,yes,electronic check,39.32,2280.55,Yes
CUST-0001,male,0,7.0,yes,dsl,month-to-month,no,mailed check,63.36,439.05,No
CUST-0478,female,0,59.0,yes,fiber optic,one year,no,electronic check,78.57,4775.94,No
CUST-0317,male,0,25.0,yes,dsl,month-to-month,no,electronic check,89.39,2213.38,No
CUST-0738,female,0,47.0,yes,dsl,one year,yes,mailed check,91.98,4454.03,No
CUST-0573,male,0,45.0,yes,fiber optic,month-to-month,no,credit card,81.7,3735.98,Yes
CUST-0381,male,0,66.0,yes,fiber optic,one year,no,mailed check,93.41,6052.96,No
CUST-0833,male,0,36.0,no,fiber optic,month-to-month,no,mailed check,999.0,313.83,Yes
CUST-0973,female,0,11.0,yes,fiber optic,month-to-month,yes,electronic check,64.97,450.3,Yes
CUST-0962,female,0,20.0,yes,fiber optic,two year,no,electronic check,64.97,487.1,No
CUST-0173,female,0,35.0,yes,fiber optic,two year,yes,electronic check,31.04,1134.66,No
CUST-0126,male,0,1.0,yes,dsl,month-to-month,yes,bank transfer,66.99,69.77,Yes
CUST-0667,male,0,25.0,yes,fiber optic,month-to-month,yes,electronic check,109.35,2664.99,Yes
CUST-0835,male,0,29.0,no,fiber optic,month-to-month,no,electronic check,85.4,2545.71,No
CUST-0940,female,0,13.0,no,dsl,month-to-month,yes,mailed check,68.08,876.01,Yes
CUST-0091,male,1,25.0,yes,dsl,month-to-month,no,electronic check,44.35,1094.62,No
CUST-0979,male,1,60.0,yes,fiber optic,month-to-month,yes,mailed check,38.07,2246.53,Yes
CUST-0182,male,0,48.0,yes,dsl,month-to-month,no,mailed check,41.68,2072.19,No
CUST-0364,female,0,1.0,yes,fiber optic,one year,yes,credit card,84.45,86.28,No
CUST-0275,female,0,48.0,yes,fiber optic,month-to-month,no,mailed check,84.98,4011.13,Yes
CUST-0965,male,0,41.0,yes,fiber optic,one year,no,credit card,32.98,1897.93,Yes
CUST-0070,female,0,59.0,yes,no,month-to-month,no,electronic check,64.97,6303.41,No
CUST-0292,male,0,15.0,yes,dsl,one year,no,electronic check,98.15,1405.67,No
CUST-0132,male,0,19.0,yes,dsl,two year,yes,electronic check,38.56,1897.93,No
CUST-0301,male,0,29.0,yes,fiber optic,month-to-month,yes,electronic check,49.73,1512.01,No
CUST-0606,male,0,7.0,yes,dsl,month-to-month,yes,electronic check,98.07,709.28,No
CUST-0327,female,0,36.0,yes,dsl,month-to-month,yes,bank transfer,53.03,1897.93,No
CUST-0145,male,0,4.0,yes,dsl,month-to-month,no,bank transfer,91.45,368.01,No
CUST-0899,male,0,16.0,yes,no,month-to-month,no,credit card,30.53,495.67,Yes
CUST-0669,male,0,55.0,yes,no,one year,yes,mailed check,52.1,1897.93,No
CUST-0136,male,0,11.0,yes,dsl,one year,no,bank transfer,60.9,643.19,Yes
CUST-0452,female,0,56.0,yes,no,one year,no,electronic check,71.82,3959.12,No
CUST-0165,male,0,66.0,yes,dsl,one year,yes,mailed check,102.05,6964.14,No
CUST-0029,female,0,57.0,yes,dsl,month-to-month,no,bank transfer,60.21,3594.88,No
CUST-0588,male,0,10.0,yes,fiber optic,month-to-month,no,credit card,80.94,821.18,No
CUST-0194,female,0,28.0,yes,dsl,month-to-month,yes,mailed check,89.99,1897.93,Yes
CUST-0430,male,1,60.0,yes,no,month-to-month,yes,electronic check,35.47,2223.44,Yes
CUST-0666,male,1,57.0,yes,fiber optic,two year,yes,mailed check,35.04,2083.67,No
CUST-0987,female,0,4.0,yes,fiber optic,one year,yes,credit card,70.42,274.97,No
CUST-0170,female,0,28.0,yes,fiber optic,two year,yes,mailed check,77.85,2225.82,No
CUST-0526,male,0,51.0,yes,dsl,month-to-month,yes,electronic check,88.51,4426.13,Yes
CUST-0141,female,0,21.0,yes,fiber optic,month-to-month,yes,electronic check,93.95,1897.93,Yes
CUST-0174,male,0,36.0,yes,no,month-to-month,no,electronic check,59.01,3164.2,Yes
CUST-0007,male,0,54.0,yes,fiber optic,month-to-month,yes,mailed check,63.47,3461.16,No
CUST-0765,male,0,36.0,yes,dsl,one year,yes,mailed check,64.96,2333.55,No
CUST-0520,male,1,68.0,yes,no,two year,yes,electronic check,0.01,1687.9,Yes
CUST-0679,female,0,50.0,yes,dsl,month-to-month,yes,credit card,63.9,3175.58,No
CUST-0074,female,0,49.0,yes,no,one year,yes,credit card,43.51,2161.48,No
CUST-0714,male,0,15.0,yes,no,month-to-month,no,bank transfer,87.75,1354.15,No
CUST-0676,female,0,20.0,yes,dsl,one year,no,electronic check,91.28,1855.03,No
CUST-0239,female,1,71.0,yes,fiber optic,month-to-month,no,electronic check,43.61,3122.63,No
CUST-0146,male,1,28.0,no,fiber optic,month-to-month,yes,mailed check,98.7,2631.43,No
CUST-0824,male,0,12.0,yes,dsl,month-to-month,yes,mailed check,84.55,1029.58,No
CUST-0235,male,0,0.0,yes,no,month-to-month,yes,bank transfer,108.65,4736.82,No
CUST-0221,female,1,38.0,yes,fiber optic,two year,yes,credit card,64.97,2901.19,No
CUST-0215,female,0,39.0,yes,fiber optic,one year,yes,credit card,54.75,2055.12,No
CUST-0689,female,0,12.0,yes,no,month-to-month,yes,credit card,49.59,574.71,No
CUST-0133,male,0,32.0,yes,fiber optic,one year,yes,bank transfer,42.49,1399.76,No
CUST-0404,female,0,2.0,yes,fiber optic,one year,no,mailed check,90.61,180.63,No
CUST-0458,male,0,29.0,yes,fiber optic,one year,no,electronic check,24.06,1897.93,No
CUST-0685,female,0,63.0,yes,no,one year,yes,bank transfer,37.88,2316.38,No
CUST-0423,male,0,21.0,yes,dsl,month-to-month,no,mailed check,108.73,2248.53,Yes
CUST-0186,female,1,11.0,yes,fiber optic,one year,yes,electronic check,49.81,556.68,No
CUST-0042,male,0,50.0,yes,dsl,month-to-month,yes,credit card,28.55,1371.58,Yes
CUST-0639,male,1,40.0,no,dsl,month-to-month,no,electronic check,67.69,2837.27,Yes
CUST-0109,male,0,36.0,yes,fiber optic,month-to-month,no,mailed check,43.36,1606.35,No
CUST-0617,male,1,5.0,yes,no,two year,no,electronic check,82.18,1897.93,No
CUST-0057,male,0,70.0,yes,no,one year,no,electronic check,101.39,6931.34,Yes
CUST-0450,male,0,68.0,yes,fiber optic,month-to-month,no,electronic check,50.18,3443.03,No
CUST-0774,male,1,54.0,yes,fiber optic,month-to-month,no,credit card,20.74,1161.44,No
CUST-0590,male,0,64.0,yes,no,two year,yes,mailed check,90.38,5540.13,No
CUST-0896,male,0,28.0,yes,dsl,month-to-month,yes,electronic check,59.23,1584.18,Yes
CUST-0436,female,0,41.0,yes,dsl,one year,yes,electronic check,84.05,3433.08,No
CUST-0025,male,1,21.0,yes,fiber optic,two year,no,credit card,64.97,1897.93,No
CUST-0811,female,0,42.0,yes,dsl,month-to-month,yes,electronic check,57.41,2387.31,Yes
CUST-0495,male,0,35.0,yes,fiber optic,month-to-month,no,credit card,26.0,929.57,No
CUST-0827,male,0,7.0,yes,fiber optic,month-to-month,yes,electronic check,96.19,671.92,Yes
CUST-0982,female,0,36.0,yes,fiber optic,month-to-month,yes,bank transfer,77.37,5640.74,Yes
CUST-0929,female,0,36.0,yes,dsl,one year,yes,bank transfer,88.35,1897.93,Yes
CUST-0966,male,0,5.0,yes,fiber optic,one year,no,mailed check,102.82,1897.93,No
CUST-0339,male,0,20.0,yes,dsl,one year,no,mailed check,107.79,2160.29,No
CUST-0052,female,0,41.0,yes,fiber optic,month-to-month,yes,electronic check,24.35,1023.89,No
CUST-0384,female,0,36.0,yes,dsl,month-to-month,no,electronic check,64.53,2383.11,No
CUST-0540,male,0,45.0,yes,dsl,month-to-month,no,electronic check,999.0,911.62,No
CUST-0992,female,0,19.0,yes,fiber optic,one year,yes,mailed check,93.57,1791.09,Yes
CUST-0661,male,0,13.0,yes,dsl,month-to-month,no,bank transfer,30.4,408.12,Yes
CUST-0964,male,0,59.0,yes,fiber optic,month-to-month,yes,electronic check,64.7,3827.82,No
CUST-0265,female,0,62.0,yes,dsl,one year,no,electronic check,100.61,6436.38,No
CUST-0955,male,1,45.0,yes,fiber optic,month-to-month,no,electronic check,20.75,963.94,No
CUST-0742,male,0,37.0,yes,dsl,one year,yes,bank transfer,62.05,2400.67,No
CUST-0713,male,0,68.0,yes,no,month-to-month,yes,electronic check,64.74,4411.12,Yes
CUST-0445,female,1,34.0,yes,fiber optic,two year,yes,electronic check,31.4,1070.82,No
CUST-0396,female,0,10.0,yes,dsl,month-to-month,yes,mailed check,92.93,969.71,No
CUST-0542,female,0,12.0,yes,dsl,two year,yes,bank transfer,22.73,266.58,No
CUST-0496,male,0,6.0,yes,no,month-to-month,no,bank transfer,94.67,574.53,Yes
CUST-0019,male,1,15.0,yes,dsl,one year,yes,electronic check,64.97,707.67,No
CUST-0747,male,0,41.0,yes,fiber optic,month-to-month,yes,credit card,92.9,3723.41,No
CUST-0523,female,0,24.0,yes,fiber optic,month-to-month,yes,mailed check,50.97,1247.96,No
CUST-0595,female,0,35.0,yes,dsl,two year,yes,electronic check,57.76,1922.09,No
CUST-0480,female,0,45.0,yes,dsl,two year,yes,mailed check,97.67,4283.21,No
CUST-0368,female,1,12.0,no,fiber optic,month-to-month,yes,electronic check,29.3,360.65,Yes
CUST-0084,male,1,27.0,yes,dsl,two year,yes,bank transfer,43.33,1182.51,No
CUST-0062,male,1,57.0,yes,dsl,one year,yes,credit card,51.12,2849.17,No
CUST-0484,female,0,46.0,yes,fiber optic,month-to-month,yes,electronic check,82.03,1897.93,No
CUST-0273,female,0,21.0,yes,fiber optic,two year,no,electronic check,63.21,1897.93,No
CUST-0286,male,0,45.0,yes,dsl,month-to-month,yes,mailed check,79.34,3613.8,Yes
CUST-0361,male,1,11.0,yes,fiber optic,two year,yes,electronic check,55.17,608.96,No
CUST-0355,male,0,41.0,yes,fiber optic,two year,no,bank transfer,85.74,3520.08,No
CUST-0612,female,0,1.0,yes,dsl,one year,no,mailed check,98.22,99.36,No
CUST-0279,female,0,33.0,yes,fiber optic,month-to-month,yes,electronic check,64.97,1897.93,Yes
CUST-0013,female,1,21.0,yes,dsl,month-to-month,no,bank transfer,49.21,1897.93,Yes
CUST-0183,female,0,22.0,yes,dsl,one year,yes,electronic check,31.69,680.88,No
CUST-0369,male,0,61.0,yes,dsl,month-to-month,no,credit card,36.26,2180.22,No
CUST-0528,male,0,24.0,yes,fiber optic,month-to-month,no,credit card,99.9,2431.5,No
CUST-0644,male,0,66.0,yes,no,month-to-month,yes,credit card,55.1,3511.38,No
CUST-0224,male,1,35.0,yes,fiber optic,month-to-month,yes,electronic check,90.78,3273.5,Yes
CUST-0600,male,1,35.0,yes,fiber optic,one year,no,credit card,64.97,751.6,No
CUST-0766,female,0,18.0,yes,dsl,month-to-month,yes,credit card,30.09,552.4,No
CUST-0707,male,0,65.0,yes,dsl,two year,yes,credit card,20.78,1303.87,Yes
CUST-0571,female,0,35.0,no,fiber optic,two year,no,electronic check,38.34,1407.68,No
CUST-0487,male,0,50.0,yes,no,month-to-month,yes,electronic check,62.19,3107.33,No
CUST-0466,male,0,64.0,yes,no,month-to-month,no,credit card,88.63,5556.38,Yes
CUST-0933,female,0,42.0,yes,fiber optic,month-to-month,no,credit card,76.46,3282.47,Yes
CUST-0637,female,0,16.0,yes,no,month-to-month,no,bank transfer,63.88,1008.12,No
CUST-0177,female,0,51.0,yes,fiber optic,two year,no,mailed check,33.78,1667.31,No
CUST-0696,female,0,38.0,yes,dsl,one year,yes,bank transfer,21.68,795.29,No
CUST-0656,male,1,39.0,yes,dsl,one year,yes,bank transfer,73.53,2769.99,No
CUST-0614,male,0,37.0,yes,dsl,month-to-month,no,credit card,74.79,2891.9,Yes
CUST-0457,male,0,19.0,yes,dsl,two year,no,electronic check,64.97,1837.53,No
CUST-0545,female,1,5.0,yes,dsl,month-to-month,yes,mailed check,43.96,223.35,No
CUST-0394,female,0,66.0,yes,fiber optic,month-to-month,yes,electronic check,22.26,1516.95,No
CUST-0164,female,0,11.0,yes,dsl,month-to-month,yes,electronic check,83.53,883.14,No
CUST-0249,female,1,30.0,yes,fiber optic,one year,no,electronic check,75.42,2256.96,No
CUST-0663,female,1,19.0,yes,dsl,month-to-month,yes,bank transfer,106.37,2062.25,Yes
CUST-0921,female,0,8.0,yes,fiber optic,month-to-month,yes,credit card,33.98,258.68,No
CUST-0998,male,0,1.0,yes,fiber optic,month-to-month,no,bank transfer,20.65,1897.93,No
CUST-0376,male,1,30.0,yes,fiber optic,two year,yes,electronic check,23.13,671.6,No
CUST-0413,female,0,65.0,yes,fiber optic,one year,no,bank transfer,63.15,4224.28,No
CUST-0075,female,1,64.0,yes,fiber optic,month-to-month,yes,credit card,108.37,7042.88,No
CUST-0917,male,1,66.0,yes,no,month-to-month,no,mailed check,87.75,5750.49,No
CUST-0114,female,0,48.0,yes,dsl,one year,no,mailed check,51.08,2390.74,No
CUST-0501,female,0,47.0,yes,fiber optic,one year,no,mailed check,62.33,2882.38,No
CUST-0586,male,0,67.0,yes,dsl,two year,yes,bank transfer,101.7,6688.38,No
CUST-0115,female,0,42.0,yes,no,one year,yes,mailed check,109.2,4673.4,No
CUST-0418,male,0,25.0,yes,dsl,two year,yes,electronic check,88.78,2278.45,Yes
CUST-0090,male,0,66.0,yes,dsl,month-to-month,yes,mailed check,21.65,1455.67,Yes
CUST-0959,male,0,1.0,yes,fiber optic,month-to-month,yes,credit card,66.08,63.34,No
CUST-0902,male,0,56.0,yes,fiber optic,month-to-month,yes,mailed check,50.74,2721.76,No
CUST-0634,female,0,34.0,yes,fiber optic,one year,yes,bank transfer,91.45,3254.22,No
CUST-0678,male,0,36.0,yes,dsl,two year,no,mailed check,27.13,361.24,No
CUST-0012,female,1,57.0,yes,dsl,two year,no,mailed check,56.72,3176.48,No
CUST-0397,female,0,14.0,yes,dsl,month-to-month,yes,credit card,91.72,1327.86,No
CUST-0558,male,0,55.0,yes,fiber optic,month-to-month,no,credit card,43.52,2417.85,Yes
CUST-0043,male,0,68.0,yes,dsl,one year,yes,bank transfer,85.54,5770.7,No
CUST-0168,male,0,30.0,yes,fiber optic,two year,yes,credit card,52.25,1545.21,No
CUST-0417,male,0,49.0,yes,dsl,one year,yes,electronic check,72.76,1897.93,No
CUST-0788,male,0,37.0,no,dsl,two year,no,credit card,64.97,2317.54,No
CUST-0427,male,0,45.0,yes,dsl,month-to-month,yes,bank transfer,103.69,4713.72,No
CUST-0918,female,0,34.0,yes,dsl,month-to-month,no,credit card,45.38,1512.8,Yes
CUST-0447,female,0,28.0,yes,dsl,one year,yes,credit card,55.86,1543.6,No
CUST-0715,male,0,51.0,yes,no,one year,yes,electronic check,94.09,4667.99,No
CUST-0732,female,0,13.0,no,no,month-to-month,yes,electronic check,29.2,376.68,No
CUST-0258,female,0,68.0,no,dsl,month-to-month,yes,bank transfer,30.3,2043.89,No
CUST-0336,male,0,62.0,yes,fiber optic,month-to-month,yes,credit card,50.77,3249.33,No
CUST-0016,male,1,33.0,yes,fiber optic,month-to-month,yes,bank transfer,63.08,2053.24,No
CUST-0658,male,0,17.0,yes,fiber optic,month-to-month,no,mailed check,64.97,1571.47,No
CUST-0325,female,1,57.0,yes,dsl,month-to-month,yes,electronic check,100.83,5462.11,No
CUST-0790,female,0,2.0,yes,fiber optic,one year,no,electronic check,33.36,67.3,No
CUST-0223,male,0,62.0,yes,dsl,one year,no,electronic check,31.29,1979.62,No
CUST-0180,male,0,57.0,yes,dsl,two year,yes,electronic check,93.82,5577.89,No
CUST-0100,male,0,43.0,yes,dsl,month-to-month,yes,credit card,46.79,1897.93,No
CUST-0522,male,1,63.0,yes,dsl,month-to-month,no,electronic check,67.1,4052.65,No
CUST-0023,male,1,48.0,yes,fiber optic,month-to-month,no,electronic check,80.23,3733.86,Yes
CUST-0357,male,1,36.0,yes,fiber optic,month-to-month,yes,credit card,81.59,1032.77,Yes
CUST-0697,male,0,50.0,yes,dsl,two year,yes,mailed check,92.42,4584.56,No
CUST-0897,male,0,70.0,yes,fiber optic,one year,yes,electronic check,60.7,4077.15,No
CUST-0341,male,0,49.0,yes,no,month-to-month,yes,mailed check,58.1,2777.46,Yes
CUST-0432,female,0,67.0,yes,fiber optic,month-to-month,no,credit card,29.49,1926.41,No
CUST-0577,male,0,36.0,yes,fiber optic,month-to-month,no,mailed check,105.8,6917.54,No
CUST-0868,male,0,31.0,yes,fiber optic,month-to-month,yes,bank transfer,39.2,1184.52,Yes
CUST-0204,female,0,25.0,yes,dsl,month-to-month,yes,bank transfer,40.73,977.73,Yes
CUST-0737,male,0,68.0,yes,no,month-to-month,no,bank transfer,95.07,6505.26,Yes
CUST-0094,female,0,42.0,yes,dsl,month-to-month,no,bank transfer,87.84,3790.24,No
CUST-0584,male,0,22.0,yes,fiber optic,month-to-month,yes,electronic check,25.02,529.58,No
CUST-0069,male,0,60.0,yes,dsl,one year,no,mailed check,99.19,5988.29,No
CUST-0651,male,0,67.0,yes,dsl,one year,no,credit card,86.07,5519.49,No
CUST-0285,female,0,8.0,yes,fiber optic,month-to-month,yes,credit card,41.63,342.05,Yes
CUST-0837,female,0,28.0,yes,dsl,month-to-month,yes,credit card,94.9,2567.63,No
CUST-0435,male,0,44.0,yes,no,one year,yes,mailed check,68.92,3180.82,No
CUST-0154,male,0,20.0,yes,no,month-to-month,yes,mailed check,104.79,1897.93,Yes
CUST-0076,female,0,36.0,yes,no,month-to-month,yes,credit card,100.81,1897.93,Yes
CUST-0762,male,1,9.0,no,dsl,one year,yes,bank transfer,78.61,709.75,No
CUST-0189,female,0,33.0,yes,fiber optic,month-to-month,no,credit card,85.74,2836.0,No
CUST-0272,female,1,50.0,yes,no,one year,yes,bank transfer,71.48,1897.93,No
CUST-0237,male,1,28.0,yes,dsl,month-to-month,no,electronic check,50.43,1897.93,No
CUST-0488,male,0,6.0,yes,no,month-to-month,no,electronic check,46.44,280.43,No
CUST-0560,female,1,62.0,no,dsl,month-to-month,yes,electronic check,47.88,1897.93,No
CUST-0118,male,1,12.0,no,fiber optic,month-to-month,no,mailed check,25.62,308.43,Yes
CUST-0852,female,0,26.0,yes,fiber optic,month-to-month,yes,electronic check,45.88,1224.87,Yes
CUST-0513,female,1,42.0,no,fiber optic,month-to-month,yes,bank transfer,48.53,1973.11,No
CUST-0579,male,0,69.0,yes,dsl,month-to-month,yes,credit card,47.8,3371.28,Yes
CUST-0828,male,1,51.0,yes,fiber optic,month-to-month,yes,electronic check,25.75,1897.93,Yes
CUST-0127,female,0,8.0,no,no,month-to-month,no,electronic check,64.97,430.71,No
CUST-0117,female,0,70.0,yes,fiber optic,two year,yes,mailed check,56.42,1897.93,No
CUST-0474,female,0,4.0,yes,no,month-to-month,no,bank transfer,52.56,211.22,Yes
CUST-0724,female,0,29.0,yes,no,one year,no,credit card,58.12,1669.34,No
CUST-0058,male,0,65.0,yes,dsl,one year,yes,credit card,107.19,6768.86,No
CUST-0705,male,0,28.0,yes,fiber optic,month-to-month,no,credit card,64.97,1897.93,No
CUST-0949,female,0,36.0,yes,dsl,two year,yes,credit card,46.32,3383.84,No
CUST-0370,male,0,33.0,yes,dsl,month-to-month,no,credit card,31.7,1097.31,Yes
CUST-0269,male,0,35.0,yes,no,month-to-month,no,electronic check,98.29,3340.54,Yes
CUST-0047,male,0,61.0,yes,fiber optic,month-to-month,yes,mailed check,60.06,3534.53,Yes
CUST-0350,female,0,21.0,yes,no,one year,yes,electronic check,29.16,602.48,No
CUST-0196,male,1,39.0,yes,fiber optic,month-to-month,yes,electronic check,100.37,3891.38,No
CUST-0103,male,1,51.0,no,dsl,month-to-month,no,credit card,81.82,1897.93,No
CUST-0869,female,0,46.0,no,dsl,month-to-month,yes,credit card,54.65,2408.23,Yes
CUST-0722,male,0,17.0,yes,dsl,month-to-month,yes,bank transfer,64.97,938.12,No
CUST-0768,female,0,28.0,yes,no,month-to-month,yes,electronic check,63.11,1744.7,Yes
CUST-0264,female,0,16.0,yes,dsl,month-to-month,yes,electronic check,37.71,611.46,No
CUST-0444,male,0,39.0,yes,fiber optic,month-to-month,yes,electronic check,58.58,2377.47,Yes
CUST-0706,female,0,11.0,yes,dsl,two year,yes,credit card,64.97,886.95,No
CUST-0305,female,0,71.0,yes,no,two year,no,bank transfer,30.82,1897.93,No
CUST-0342,male,0,64.0,yes,fiber optic,month-to-month,yes,mailed check,20.41,1256.65,Yes
CUST-0627,male,0,46.0,yes,fiber optic,one year,no,mailed check,33.37,1491.85,No
CUST-0148,female,0,27.0,no,dsl,one year,yes,credit card,89.95,2402.37,No
CUST-0150,male,1,25.0,yes,fiber optic,one year,no,electronic check,93.07,2373.85,No
CUST-0125,male,0,33.0,yes,no,month-to-month,no,bank transfer,55.89,1873.78,No
CUST-0818,male,0,36.0,yes,fiber optic,two year,no,mailed check,101.54,2656.75,No
CUST-0856,male,0,11.0,yes,dsl,month-to-month,no,credit card,86.07,978.19,Yes
CUST-0051,female,1,43.0,yes,fiber optic,month-to-month,no,bank transfer,100.0,4242.58,No
CUST-0354,male,0,55.0,yes,no,month-to-month,yes,electronic check,79.43,4517.64,No
CUST-0967,female,0,65.0,yes,fiber optic,month-to-month,yes,electronic check,59.67,1897.93,Yes
CUST-0143,male,0,13.0,yes,dsl,two year,no,credit card,74.98,953.44,No
CUST-0471,male,0,56.0,yes,dsl,month-to-month,yes,bank transfer,67.5,3868.84,Yes
CUST-0400,female,0,28.0,yes,dsl,month-to-month,yes,credit card,80.51,2246.92,No
CUST-0654,female,0,27.0,yes,fiber optic,month-to-month,yes,bank transfer,31.48,832.14,Yes
CUST-0321,female,0,6.0,yes,fiber optic,two year,no,mailed check,98.74,585.06,No
CUST-0020,male,0,36.0,yes,no,one year,yes,credit card,64.97,2860.41,No
CUST-0843,male,0,50.0,yes,fiber optic,month-to-month,yes,electronic check,33.77,1649.37,Yes
CUST-0947,male,0,1.0,yes,fiber optic,month-to-month,yes,bank transfer,80.0,76.4,No
CUST-0842,female,0,56.0,yes,fiber optic,month-to-month,yes,credit card,58.22,3246.49,No
CUST-0408,male,0,40.0,yes,no,month-to-month,yes,credit card,94.72,3838.02,No
CUST-0538,male,0,11.0,yes,fiber optic,one year,no,mailed check,44.15,509.86,No
CUST-0880,male,0,21.0,yes,dsl,two year,no,credit card,43.49,936.62,No
CUST-0039,female,0,61.0,yes,dsl,month-to-month,no,mailed check,29.52,1817.37,No
CUST-0176,male,0,41.0,yes,fiber optic,one year,no,bank transfer,104.42,1897.93,No
CUST-0246,female,0,61.0,yes,dsl,one year,yes,bank transfer,91.15,5422.41,Yes
CUST-0938,female,0,27.0,yes,fiber optic,one year,yes,credit card,57.5,1611.83,No
CUST-0698,female,0,8.0,yes,dsl,two year,yes,mailed check,32.41,248.09,No
CUST-0786,female,1,46.0,no,fiber optic,month-to-month,no,credit card,23.08,1053.64,Yes
CUST-0894,male,0,50.0,no,fiber optic,two year,yes,electronic check,48.76,2326.16,No
CUST-0155,female,0,34.0,no,fiber optic,month-to-month,yes,electronic check,99.91,3371.41,Yes
CUST-0288,female,0,40.0,no,no,month-to-month,yes,credit card,108.42,4356.77,No
CUST-0631,female,0,14.0,yes,dsl,month-to-month,yes,bank transfer,64.97,708.52,Yes
CUST-0570,male,0,7.0,yes,fiber optic,two year,yes,credit card,95.9,658.2,No
CUST-0775,female,0,65.0,yes,no,one year,yes,electronic check,100.89,6465.49,No
CUST-0018,female,0,70.0,yes,fiber optic,one year,yes,mailed check,47.86,3474.78,No
CUST-0128,female,0,32.0,yes,fiber optic,month-to-month,no,electronic check,47.04,1546.0,Yes
CUST-0323,female,1,8.0,yes,no,month-to-month,no,credit card,108.29,871.07,No
CUST-0256,female,0,59.0,yes,fiber optic,two year,yes,electronic check,69.6,3971.0,No
CUST-0993,male,0,46.0,no,dsl,month-to-month,yes,bank transfer,64.97,4937.7,Yes
CUST-0191,male,0,34.0,yes,dsl,month-to-month,yes,bank transfer,103.79,3681.82,Yes
CUST-0116,female,0,60.0,no,fiber optic,month-to-month,no,bank transfer,29.18,1812.45,No
CUST-0645,male,0,66.0,yes,fiber optic,two year,yes,electronic check,64.97,3633.12,No
CUST-0607,male,0,67.0,yes,fiber optic,month-to-month,yes,electronic check,45.88,1897.93,Yes
CUST-0181,male,1,23.0,yes,no,month-to-month,no,credit card,38.84,881.23,No
CUST-0302,female,1,51.0,yes,dsl,one year,yes,credit card,21.78,1147.63,No
CUST-0791,male,0,14.0,yes,no,one year,yes,electronic check,55.9,780.76,No
CUST-0744,female,0,17.0,yes,dsl,one year,yes,mailed check,100.51,1740.86,No
CUST-0755,male,1,16.0,yes,no,month-to-month,no,mailed check,69.2,1062.19,Yes
CUST-0793,female,0,35.0,yes,fiber optic,one year,no,electronic check,109.9,3931.76,Yes
CUST-0518,female,1,44.0,yes,fiber optic,two year,yes,mailed check,96.57,4077.42,No
CUST-0373,male,1,8.0,yes,fiber optic,month-to-month,yes,electronic check,64.79,532.43,Yes
CUST-0046,female,0,24.0,yes,fiber optic,two year,yes,electronic check,23.36,544.16,No
CUST-0946,male,0,34.0,yes,dsl,month-to-month,no,mailed check,90.2,3194.51,No
CUST-0961,male,0,26.0,yes,no,one year,yes,credit card,78.74,1897.93,No
CUST-0172,male,1,33.0,yes,dsl,month-to-month,yes,mailed check,97.41,3240.58,Yes
CUST-0017,male,0,7.0,yes,dsl,month-to-month,no,bank transfer,24.02,168.67,Yes
CUST-0512,male,0,3.0,yes,no,one year,yes,electronic check,53.03,157.43,No
CUST-0049,female,1,28.0,yes,fiber optic,one year,no,mailed check,51.62,1382.18,No
CUST-0943,female,0,9.0,yes,fiber optic,month-to-month,no,electronic check,25.54,224.09,Yes
CUST-0875,male,0,50.0,yes,dsl,two year,yes,credit card,42.79,2173.1,No
CUST-0516,male,0,46.0,no,dsl,month-to-month,no,mailed check,52.07,2350.22,No
CUST-0717,female,0,49.0,yes,dsl,month-to-month,yes,credit card,63.89,3086.25,No
CUST-0481,female,0,4.0,yes,dsl,two year,yes,electronic check,60.39,244.34,No
CUST-0284,male,0,65.0,no,no,two year,yes,mailed check,64.97,2347.79,No
CUST-0750,female,0,71.0,no,dsl,month-to-month,yes,electronic check,65.44,4694.1,No
CUST-0866,female,1,57.0,yes,no,two year,yes,mailed check,94.89,5449.41,No
CUST-0226,male,0,30.0,yes,no,month-to-month,yes,electronic check,63.45,1897.93,No
CUST-0027,male,1,26.0,yes,dsl,month-to-month,yes,mailed check,64.97,2009.38,Yes
CUST-0814,female,0,34.0,yes,fiber optic,month-to-month,yes,electronic check,76.48,2601.98,Yes
CUST-0438,female,0,23.0,yes,fiber optic,month-to-month,no,bank transfer,80.53,1940.61,Yes
CUST-0991,female,0,41.0,yes,fiber optic,month-to-month,no,mailed check,35.26,1479.55,No
CUST-0365,female,0,40.0,yes,dsl,one year,yes,credit card,38.38,1593.03,No
CUST-0230,female,0,26.0,yes,dsl,month-to-month,yes,electronic check,94.41,2489.98,No
CUST-0038,male,0,12.0,no,no,month-to-month,yes,bank transfer,77.01,878.46,No
CUST-0670,male,0,23.0,yes,no,two year,yes,electronic check,45.94,1897.93,Yes
CUST-0375,male,0,46.0,yes,dsl,month-to-month,yes,mailed check,101.14,4573.72,No
CUST-0470,female,0,48.0,yes,fiber optic,month-to-month,no,bank transfer,62.34,2896.45,No
CUST-0886,male,0,62.0,yes,dsl,one year,no,credit card,68.17,4303.17,No
CUST-0735,male,0,11.0,yes,no,month-to-month,no,bank transfer,108.75,1246.23,Yes
CUST-0757,female,1,36.0,yes,fiber optic,two year,yes,bank transfer,64.68,2374.82,No
CUST-0195,male,0,47.0,yes,fiber optic,two year,yes,mailed check,86.49,4165.74,No
CUST-0890,male,1,6.0,yes,no,month-to-month,yes,bank transfer,45.07,257.84,Yes
CUST-0900,male,0,-3.0,yes,no,month-to-month,no,mailed check,36.64,2375.18,No
CUST-0504,female,0,68.0,yes,fiber optic,month-to-month,no,electronic check,107.26,7453.92,No
CUST-0767,female,0,3.0,yes,dsl,one year,yes,credit card,64.97,186.56,No
CUST-0865,male,1,60.0,yes,no,month-to-month,yes,credit card,89.96,1897.93,No
CUST-0580,male,0,13.0,yes,fiber optic,one year,yes,credit card,64.97,954.04,Yes
CUST-0863,female,0,52.0,yes,fiber optic,two year,yes,mailed check,87.31,4607.06,No
CUST-0681,female,0,53.0,yes,dsl,month-to-month,yes,bank transfer,38.19,2021.96,Yes
CUST-0163,female,0,44.0,yes,fiber optic,two year,yes,credit card,1500.0,1301.09,No
CUST-0733,female,0,33.0,yes,no,month-to-month,yes,bank transfer,96.01,3098.23,Yes
CUST-0153,male,0,25.0,yes,fiber optic,one year,yes,bank transfer,61.12,1472.73,No
CUST-0712,female,0,44.0,yes,fiber optic,month-to-month,yes,electronic check,20.12,921.53,No
CUST-0731,male,0,21.0,yes,no,one year,yes,credit card,77.96,1706.16,No
CUST-0787,female,0,13.0,yes,dsl,month-to-month,yes,mailed check,35.33,455.85,No
CUST-0112,male,0,47.0,yes,dsl,month-to-month,no,electronic check,86.19,3867.55,No
CUST-0227,female,0,25.0,yes,dsl,two year,no,bank transfer,49.79,1260.17,No
CUST-0719,male,1,56.0,no,dsl,one year,no,bank transfer,27.16,1897.93,No
CUST-0104,female,1,11.0,yes,dsl,month-to-month,no,mailed check,102.2,1144.41,No
CUST-0422,female,0,28.0,yes,dsl,one year,no,electronic check,75.48,2064.56,No
CUST-0420,female,1,24.0,yes,no,month-to-month,yes,mailed check,88.25,2198.63,Yes
CUST-0782,female,1,53.0,yes,no,month-to-month,yes,bank transfer,25.72,1373.76,Yes
CUST-0587,male,0,54.0,yes,fiber optic,one year,no,bank transfer,84.91,4628.18,No
CUST-0812,female,0,59.0,yes,fiber optic,two year,yes,bank transfer,61.35,3513.51,No
CUST-0673,male,1,10.0,yes,dsl,month-to-month,no,electronic check,57.74,596.96,Yes
CUST-0120,female,0,7.0,yes,dsl,one year,yes,electronic check,28.31,191.46,No
CUST-0054,female,0,49.0,no,fiber optic,one year,no,mailed check,78.3,3688.81,Yes
CUST-0152,male,0,68.0,no,fiber optic,month-to-month,yes,electronic check,24.75,1764.57,No
CUST-0985,female,0,5.0,yes,no,month-to-month,yes,electronic check,28.86,145.45,No
CUST-0208,female,0,63.0,yes,dsl,two year,yes,electronic check,64.97,6407.74,No
CUST-0659,female,0,36.0,yes,fiber optic,one year,no,electronic check,92.23,1897.93,No
CUST-0925,male,0,59.0,no,dsl,month-to-month,no,mailed check,23.29,1316.84,Yes
CUST-0794,female,0,25.0,yes,fiber optic,month-to-month,no,bank transfer,108.85,2605.5,Yes
CUST-0009,female,0,44.0,yes,fiber optic,month-to-month,no,electronic check,108.44,4557.55,No
CUST-0980,female,1,71.0,yes,no,two year,yes,credit card,60.68,4107.73,No
CUST-0037,male,0,19.0,yes,no,month-to-month,yes,mailed check,48.27,937.44,Yes
CUST-0453,male,1,65.0,yes,no,two year,yes,mailed check,34.73,2301.22,No
CUST-0652,female,0,8.0,no,fiber optic,month-to-month,no,electronic check,79.55,608.99,No
CUST-0254,male,0,14.0,yes,no,month-to-month,no,mailed check,56.25,795.06,No
CUST-0304,female,0,55.0,yes,fiber optic,one year,yes,bank transfer,82.57,4566.14,No
CUST-0778,female,0,57.0,no,no,month-to-month,yes,electronic check,21.18,1153.69,No
CUST-0572,female,0,48.0,yes,fiber optic,month-to-month,no,credit card,0.01,3992.44,Yes
CUST-0624,male,1,23.0,yes,dsl,month-to-month,no,mailed check,64.97,1345.89,Yes
CUST-0741,male,0,12.0,yes,dsl,one year,no,electronic check,58.74,739.74,No
CUST-0751,male,0,13.0,yes,no,month-to-month,yes,mailed check,99.84,1337.25,No
CUST-0263,male,0,55.0,yes,no,two year,no,bank transfer,80.5,4288.19,No
CUST-0611,male,1,37.0,yes,no,month-to-month,yes,credit card,22.0,811.13,No
CUST-0415,female,0,45.0,yes,fiber optic,one year,no,mailed check,41.62,1843.06,No
CUST-0151,female,0,-5.0,yes,fiber optic,month-to-month,yes,credit card,68.01,206.77,No
CUST-0820,male,0,55.0,no,no,two year,yes,mailed check,80.67,4598.82,No
CUST-0926,male,0,44.0,yes,dsl,month-to-month,no,mailed check,64.97,3267.59,Yes
CUST-0551,female,1,70.0,yes,dsl,two year,no,electronic check,80.23,5418.79,Yes
CUST-0823,male,0,0.0,yes,dsl,month-to-month,yes,electronic check,65.55,3630.95,Yes
CUST-0489,female,0,36.0,no,dsl,one year,yes,mailed check,64.97,2693.47,Yes
CUST-0711,female,0,34.0,yes,dsl,one year,no,bank transfer,64.97,1852.38,Yes
CUST-0147,female,0,59.0,yes,fiber optic,one year,yes,credit card,96.59,5710.53,No
CUST-0752,female,0,13.0,no,no,month-to-month,no,credit card,52.23,698.8,Yes
CUST-0971,female,0,68.0,no,fiber optic,one year,no,credit card,29.43,1932.1,No
CUST-0771,male,0,21.0,yes,fiber optic,month-to-month,no,electronic check,105.8,2317.48,No
CUST-0660,female,0,53.0,yes,no,month-to-month,yes,credit card,96.11,5068.82,Yes
CUST-0349,male,1,17.0,yes,no,month-to-month,yes,bank transfer,101.83,1752.77,Yes
CUST-0464,female,0,49.0,yes,dsl,two year,yes,electronic check,95.07,4531.91,No
CUST-0326,female,0,40.0,yes,dsl,one year,no,credit card,85.84,3478.71,No
CUST-0187,female,0,15.0,yes,dsl,month-to-month,yes,credit card,64.97,704.2,Yes
CUST-0124,male,0,40.0,yes,dsl,one year,no,electronic check,95.87,3818.8,No
CUST-0889,male,0,3.0,yes,no,month-to-month,yes,bank transfer,30.0,87.81,No
CUST-0609,female,0,36.0,no,fiber optic,one year,yes,mailed check,58.39,2041.03,No
CUST-0144,male,0,34.0,yes,no,month-to-month,no,electronic check,54.04,1897.93,No
CUST-0857,male,0,53.0,yes,dsl,month-to-month,no,mailed check,22.77,1226.04,No
CUST-0198,female,1,20.0,yes,fiber optic,two year,yes,bank transfer,67.74,1371.74,Yes
CUST-0610,female,0,25.0,yes,dsl,month-to-month,yes,credit card,32.54,778.85,No
CUST-0280,female,0,61.0,yes,fiber optic,two year,yes,bank transfer,29.74,1786.66,No
CUST-0294,male,0,26.0,yes,no,month-to-month,yes,electronic check,20.16,506.72,No
CUST-0401,male,0,3.0,yes,dsl,month-to-month,yes,mailed check,100.78,306.16,No
CUST-0123,male,1,27.0,yes,fiber optic,one year,yes,electronic check,80.56,2268.11,No
CUST-0184,female,1,17.0,yes,no,month-to-month,no,electronic check,84.39,1436.71,Yes
CUST-0203,male,0,58.0,no,no,month-to-month,yes,mailed check,53.53,2960.28,Yes
CUST-0439,female,0,48.0,yes,fiber optic,month-to-month,yes,bank transfer,83.38,4139.75,No
CUST-0247,male,0,36.0,yes,fiber optic,month-to-month,no,electronic check,32.02,1162.72,No
CUST-0416,male,1,62.0,yes,fiber optic,one year,yes,bank transfer,31.22,1897.93,Yes
CUST-0808,female,0,58.0,yes,dsl,two year,no,mailed check,53.86,3248.91,No
CUST-0797,female,0,12.0,yes,no,two year,yes,mailed check,81.79,1897.93,Yes
CUST-0960,female,0,58.0,no,fiber optic,month-to-month,yes,electronic check,109.3,6417.36,No
CUST-0800,female,0,29.0,yes,no,month-to-month,no,bank transfer,47.85,1353.85,No
CUST-0924,female,0,39.0,yes,fiber optic,month-to-month,yes,bank transfer,27.84,1034.95,Yes
CUST-0130,female,0,4.0,yes,dsl,two year,no,electronic check,44.48,179.67,No
CUST-0638,male,0,66.0,yes,fiber optic,two year,no,bank transfer,82.79,5444.75,No
CUST-0403,female,0,27.0,yes,fiber optic,one year,no,credit card,59.33,1677.05,No
CUST-0937,male,0,22.0,yes,fiber optic,month-to-month,yes,credit card,32.31,744.94,No
CUST-0802,male,0,25.0,yes,dsl,month-to-month,no,mailed check,67.14,1640.7,No
CUST-0736,female,1,17.0,yes,dsl,one year,no,mailed check,77.28,1298.92,Yes
CUST-0950,female,0,67.0,yes,dsl,one year,no,credit card,64.97,6066.22,No
CUST-0220,female,0,46.0,no,no,month-to-month,yes,mailed check,37.77,1725.74,No
CUST-0642,male,1,16.0,yes,dsl,month-to-month,no,electronic check,107.18,1754.22,Yes
CUST-0952,female,0,35.0,yes,dsl,two year,yes,mailed check,51.71,1899.7,No
CUST-0784,male,0,47.0,yes,dsl,month-to-month,no,electronic check,66.12,3165.35,No
CUST-0888,male,0,13.0,yes,dsl,month-to-month,yes,bank transfer,50.52,657.71,No
CUST-0957,female,0,68.0,yes,no,month-to-month,yes,credit card,31.36,1897.93,Yes
CUST-0625,female,0,9.0,yes,dsl,month-to-month,yes,credit card,97.15,857.28,No
CUST-0873,female,0,54.0,yes,dsl,month-to-month,no,electronic check,30.22,1550.6,No
CUST-0923,female,0,43.0,yes,fiber optic,two year,yes,mailed check,64.97,3254.32,No
CUST-0387,male,0,40.0,yes,fiber optic,month-to-month,no,electronic check,78.43,3234.62,Yes
CUST-0510,female,0,53.0,yes,no,month-to-month,yes,electronic check,44.79,2285.81,No
CUST-0268,female,0,12.0,yes,dsl,one year,yes,mailed check,64.96,791.69,No
CUST-0853,male,1,36.0,yes,dsl,month-to-month,no,bank transfer,34.43,854.31,No
CUST-0442,female,0,33.0,yes,dsl,month-to-month,yes,bank transfer,29.99,1897.93,Yes
CUST-0497,female,0,68.0,yes,dsl,month-to-month,no,bank transfer,64.97,4583.99,Yes
CUST-0113,female,0,15.0,yes,dsl,month-to-month,yes,bank transfer,47.31,677.09,No
CUST-0692,male,0,49.0,yes,dsl,one year,yes,bank transfer,39.42,2019.06,No
CUST-0233,female,0,51.0,yes,fiber optic,month-to-month,yes,bank transfer,109.04,5504.17,No
CUST-0905,male,0,62.0,yes,fiber optic,month-to-month,yes,bank transfer,76.48,4522.75,No
CUST-0608,male,0,65.0,yes,dsl,month-to-month,no,bank transfer,49.98,3275.95,No
CUST-0672,female,1,62.0,no,fiber optic,month-to-month,no,credit card,79.77,5134.53,Yes
CUST-0374,female,0,25.0,no,no,month-to-month,yes,credit card,62.84,1560.73,No
CUST-0878,female,0,15.0,yes,fiber optic,one year,yes,mailed check,26.31,407.3,No
CUST-0234,male,0,3.0,no,no,month-to-month,yes,mailed check,81.12,241.61,No
CUST-0817,female,0,7.0,yes,fiber optic,month-to-month,no,credit card,87.34,611.51,Yes
CUST-0677,male,0,32.0,yes,dsl,one year,yes,mailed check,46.35,1514.33,No
CUST-0318,male,0,17.0,yes,dsl,month-to-month,no,mailed check,64.97,971.89,No
CUST-0649,female,0,34.0,yes,dsl,month-to-month,yes,electronic check,45.68,1579.63,Yes
CUST-0411,male,0,12.0,yes,fiber optic,month-to-month,yes,credit card,38.7,445.29,Yes
CUST-0935,male,0,55.0,yes,no,one year,no,bank transfer,107.12,5877.12,Yes
CUST-0710,female,0,27.0,no,fiber optic,one year,no,electronic check,53.01,1367.58,No
CUST-0359,female,0,11.0,yes,no,one year,yes,mailed check,80.1,853.69,No
CUST-0259,female,0,68.0,yes,no,month-to-month,yes,credit card,47.49,3231.96,No
CUST-0745,male,0,48.0,yes,dsl,two year,no,credit card,68.83,3236.07,No
CUST-0628,female,0,4.0,yes,dsl,month-to-month,no,electronic check,0.01,223.15,Yes
CUST-0633,female,0,45.0,yes,dsl,month-to-month,no,bank transfer,64.02,2878.21,No
CUST-0283,male,0,35.0,yes,no,two year,yes,credit card,78.58,2733.37,Yes
CUST-0377,female,0,47.0,yes,fiber optic,month-to-month,no,bank transfer,48.79,2353.97,Yes
CUST-0385,female,0,19.0,yes,dsl,one year,yes,electronic check,32.04,592.01,No
CUST-0225,male,0,19.0,yes,fiber optic,month-to-month,yes,bank transfer,21.63,1897.93,Yes
CUST-0995,male,0,68.0,yes,fiber optic,one year,yes,mailed check,102.27,7277.31,No
CUST-0848,female,0,17.0,yes,dsl,month-to-month,no,mailed check,63.26,1099.79,No
CUST-0473,male,1,31.0,yes,no,month-to-month,no,electronic check,95.9,2857.99,No
CUST-0348,male,0,41.0,yes,no,two year,yes,electronic check,42.79,1693.7,No
CUST-0506,male,0,37.0,yes,dsl,two year,yes,mailed check,35.8,1342.32,No
CUST-0640,male,1,17.0,yes,dsl,two year,yes,credit card,55.25,908.48,No
CUST-0798,female,0,54.0,yes,fiber optic,two year,yes,electronic check,57.49,3092.77,No
CUST-0968,male,0,17.0,yes,fiber optic,month-to-month,yes,bank transfer,64.97,1897.93,Yes
CUST-0942,female,0,10.0,yes,no,month-to-month,yes,mailed check,72.51,689.72,No
CUST-0620,female,0,36.0,no,dsl,month-to-month,yes,credit card,52.41,1799.86,No
CUST-0891,female,0,8.0,yes,dsl,two year,yes,mailed check,64.97,709.1,No
CUST-0836,male,0,29.0,no,no,month-to-month,yes,mailed check,104.83,1897.93,Yes
CUST-0882,female,1,69.0,yes,no,month-to-month,yes,electronic check,101.69,7000.36,No
CUST-0557,male,0,70.0,yes,fiber optic,month-to-month,yes,bank transfer,72.89,4854.47,Yes
CUST-1000,male,0,24.0,yes,fiber optic,two year,no,credit card,58.6,1361.45,No
CUST-0578,female,0,59.0,yes,no,month-to-month,no,credit card,64.97,1753.91,No
CUST-0796,female,0,17.0,yes,dsl,month-to-month,yes,bank transfer,55.52,898.6,No
CUST-0086,male,0,58.0,no,fiber optic,one year,yes,credit card,23.23,1315.72,No
CUST-0243,female,0,14.0,yes,dsl,month-to-month,yes,credit card,71.04,998.05,Yes
CUST-0699,male,1,41.0,yes,dsl,month-to-month,no,electronic check,89.84,3687.4,Yes
CUST-0910,male,0,36.0,yes,no,month-to-month,yes,bank transfer,63.52,1623.02,Yes
CUST-0160,female,0,50.0,yes,fiber optic,month-to-month,yes,credit card,62.44,3100.88,Yes
CUST-0525,female,0,11.0,yes,dsl,month-to-month,yes,mailed check,89.52,941.32,Yes
CUST-0036,female,0,49.0,yes,fiber optic,month-to-month,no,credit card,48.44,2374.1,No
CUST-0541,female,0,47.0,yes,fiber optic,month-to-month,yes,credit card,98.44,4422.88,Yes
CUST-0171,female,0,62.0,no,fiber optic,month-to-month,yes,mailed check,64.97,3006.28,No
CUST-0655,male,0,53.0,yes,fiber optic,month-to-month,yes,mailed check,97.34,5306.85,Yes
CUST-0927,male,0,9.0,yes,no,month-to-month,yes,mailed check,46.49,434.22,No
CUST-0893,female,0,33.0,yes,dsl,two year,yes,bank transfer,93.08,3196.35,No
CUST-0883,male,0,6.0,yes,dsl,month-to-month,yes,mailed check,96.18,595.7,Yes
CUST-0984,male,0,40.0,yes,fiber optic,month-to-month,no,bank transfer,40.18,1641.3,No
CUST-0734,female,0,24.0,yes,dsl,one year,no,electronic check,72.41,1732.79,Yes
CUST-0096,male,0,39.0,yes,dsl,month-to-month,yes,electronic check,47.88,1888.22,No
CUST-0564,male,0,64.0,yes,fiber optic,month-to-month,yes,mailed check,77.26,1897.93,Yes
CUST-0241,female,1,19.0,yes,dsl,month-to-month,yes,electronic check,22.91,454.4,No
CUST-0743,female,0,42.0,yes,dsl,one year,no,electronic check,64.97,1807.65,No
CUST-0575,female,0,63.0,yes,dsl,one year,no,electronic check,67.94,4257.36,Yes
CUST-0691,male,0,34.0,yes,no,one year,no,bank transfer,46.46,1897.93,No
CUST-0461,male,0,36.0,yes,no,one year,yes,bank transfer,64.97,998.58,No
CUST-0554,female,1,26.0,yes,fiber optic,two year,yes,mailed check,24.77,657.82,No
CUST-0858,male,0,68.0,yes,fiber optic,month-to-month,no,mailed check,75.57,1897.93,Yes
CUST-0914,male,0,59.0,yes,dsl,month-to-month,no,mailed check,50.51,3120.6,No
CUST-0207,male,0,15.0,yes,dsl,month-to-month,no,electronic check,48.82,704.46,No
CUST-0393,male,0,29.0,yes,dsl,month-to-month,no,electronic check,64.97,1170.84,No
CUST-0795,male,0,3.0,yes,no,month-to-month,yes,mailed check,99.35,310.4,Yes
CUST-0398,male,0,51.0,yes,fiber optic,month-to-month,yes,credit card,31.48,1628.55,No
CUST-0884,male,0,38.0,yes,no,month-to-month,no,credit card,64.14,2381.59,No
CUST-0218,female,0,23.0,yes,no,two year,yes,mailed check,106.61,2557.6,No
CUST-0005,male,0,10.0,yes,no,month-to-month,no,credit card,26.77,277.04,No
CUST-0769,male,0,70.0,yes,fiber optic,one year,yes,electronic check,100.73,1897.93,No
CUST-0643,male,0,60.0,yes,dsl,month-to-month,yes,mailed check,28.54,1791.85,No
CUST-0934,female,0,66.0,yes,no,month-to-month,no,mailed check,47.13,3223.45,Yes
CUST-0613,female,0,15.0,yes,fiber optic,month-to-month,no,mailed check,69.87,1897.93,Yes
CUST-0739,male,0,25.0,yes,dsl,one year,yes,electronic check,51.09,1267.94,No
CUST-0547,male,0,20.0,yes,fiber optic,two year,no,credit card,57.79,1128.42,No
CUST-0726,female,0,60.0,no,no,one year,no,mailed check,101.26,6362.32,No
CUST-0954,female,0,18.0,no,no,one year,no,bank transfer,70.38,1255.28,No
CUST-0684,female,0,36.0,yes,fiber optic,month-to-month,yes,bank transfer,35.72,1897.93,No
CUST-0099,male,0,50.0,yes,dsl,two year,yes,electronic check,95.51,4935.82,No
CUST-0805,male,0,28.0,yes,dsl,month-to-month,yes,credit card,21.07,1897.93,Yes
CUST-0728,female,1,10.0,yes,fiber optic,two year,no,bank transfer,108.3,1105.35,No
CUST-0574,female,1,19.0,yes,fiber optic,month-to-month,no,bank transfer,88.3,1669.01,Yes
CUST-0407,male,1,16.0,yes,dsl,month-to-month,no,bank transfer,64.97,1550.0,No
CUST-0503,male,0,22.0,yes,no,two year,no,electronic check,89.0,1973.67,No
CUST-0048,female,0,61.0,yes,no,two year,no,electronic check,64.97,1895.65,No
CUST-0033,male,0,69.0,yes,dsl,month-to-month,yes,credit card,59.26,4237.0,No
CUST-0780,female,1,54.0,yes,fiber optic,two year,yes,credit card,78.84,4290.96,Yes
CUST-0840,female,0,9.0,yes,dsl,month-to-month,yes,bank transfer,39.24,355.82,No
CUST-0201,female,0,67.0,no,fiber optic,month-to-month,no,electronic check,40.67,1897.93,Yes
CUST-0135,female,0,12.0,yes,no,month-to-month,no,credit card,73.02,879.18,No
CUST-0028,female,1,14.0,yes,dsl,one year,yes,bank transfer,89.21,1204.49,No
CUST-0916,male,0,43.0,yes,dsl,month-to-month,yes,electronic check,69.69,2938.34,No
CUST-0231,female,1,22.0,yes,no,month-to-month,no,bank transfer,73.55,1626.29,No
CUST-0490,female,0,15.0,yes,dsl,month-to-month,no,electronic check,65.02,1016.52,Yes
CUST-0773,male,1,54.0,yes,dsl,month-to-month,yes,bank transfer,107.64,5754.64,No
CUST-0379,female,0,47.0,yes,fiber optic,month-to-month,no,electronic check,74.43,3521.5,No
CUST-0289,male,0,54.0,yes,fiber optic,month-to-month,no,bank transfer,37.82,2060.72,No
CUST-0419,female,0,23.0,yes,no,month-to-month,yes,bank transfer,109.38,2514.11,Yes
CUST-0675,male,0,52.0,yes,fiber optic,one year,yes,mailed check,81.55,4134.08,No
CUST-0392,male,0,63.0,yes,fiber optic,month-to-month,yes,bank transfer,36.14,2366.36,No
CUST-0593,male,0,41.0,yes,fiber optic,two year,no,electronic check,64.1,2673.04,No
CUST-0499,female,0,29.0,yes,dsl,two year,no,credit card,83.28,2490.65,No
CUST-0139,male,0,1.0,no,dsl,month-to-month,yes,bank transfer,20.96,21.61,Yes
CUST-0063,female,0,66.0,yes,no,month-to-month,no,electronic check,35.43,2314.66,No
CUST-0472,female,0,65.0,no,no,two year,yes,electronic check,109.97,6925.47,No
CUST-0648,female,0,31.0,yes,fiber optic,one year,no,electronic check,35.9,1124.49,No
CUST-0129,male,0,48.0,yes,dsl,one year,yes,credit card,92.29,4481.67,No
CUST-0521,female,0,1.0,yes,dsl,month-to-month,yes,electronic check,20.14,20.33,Yes
CUST-0839,female,1,4.0,yes,fiber optic,two year,yes,mailed check,64.97,321.39,No
CUST-0065,male,0,51.0,yes,dsl,month-to-month,no,electronic check,82.4,1897.93,Yes
CUST-0813,male,0,47.0,yes,fiber optic,two year,yes,electronic check,51.49,2347.35,Yes
CUST-0015,male,0,50.0,yes,fiber optic,two year,yes,bank transfer,88.31,1897.93,No
CUST-0157,female,0,5.0,yes,fiber optic,month-to-month,yes,electronic check,86.97,441.97,Yes
CUST-0041,male,0,33.0,yes,fiber optic,month-to-month,yes,bank transfer,28.55,928.67,No
CUST-0493,male,0,37.0,yes,dsl,one year,yes,mailed check,49.16,1760.4,No
CUST-0380,male,0,18.0,yes,fiber optic,two year,yes,mailed check,63.21,1189.81,No
CUST-0188,female,0,35.0,yes,dsl,month-to-month,no,electronic check,69.96,2502.09,No
CUST-0764,female,0,7.0,yes,no,two year,yes,credit card,106.47,779.16,No
CUST-0217,male,0,6.0,yes,fiber optic,one year,yes,electronic check,101.96,602.64,No
CUST-0922,male,0,65.0,yes,dsl,one year,yes,electronic check,64.97,5074.97,No
CUST-0792,female,0,10.0,yes,dsl,month-to-month,yes,credit card,101.4,996.33,Yes
CUST-0053,female,1,39.0,yes,no,one year,yes,bank transfer,70.69,2884.94,Yes
CUST-0879,male,0,61.0,yes,no,month-to-month,yes,bank transfer,22.37,1302.44,Yes
CUST-0338,female,0,-3.0,yes,no,two year,yes,credit card,72.35,3111.5,No
CUST-0749,female,0,18.0,no,fiber optic,month-to-month,no,electronic check,64.97,1973.36,No
CUST-0720,female,0,51.0,yes,fiber optic,two year,no,credit card,63.92,3176.41,Yes
CUST-0725,female,0,33.0,yes,dsl,month-to-month,yes,credit card,71.45,2345.94,No
CUST-0296,female,0,22.0,yes,fiber optic,month-to-month,yes,mailed check,50.64,1897.93,No
CUST-0702,male,0,44.0,yes,fiber optic,month-to-month,yes,mailed check,47.87,2139.94,No
CUST-0252,male,0,33.0,yes,dsl,two year,yes,bank transfer,98.78,3402.76,No
CUST-0727,male,0,55.0,yes,dsl,month-to-month,yes,electronic check,55.5,3159.42,No
CUST-0462,female,0,36.0,yes,fiber optic,one year,no,mailed check,59.27,2524.81,No
CUST-0456,male,1,20.0,yes,dsl,one year,no,mailed check,21.12,417.45,No
CUST-0271,female,0,64.0,yes,no,month-to-month,no,electronic check,81.01,5049.88,Yes
CUST-0816,female,1,6.0,yes,fiber optic,month-to-month,yes,bank transfer,78.33,489.33,Yes
CUST-0270,male,0,11.0,yes,no,month-to-month,no,bank transfer,64.97,1897.93,Yes
CUST-0202,male,0,4.0,yes,dsl,one year,yes,credit card,41.57,164.27,No
CUST-0162,female,0,60.0,yes,dsl,one year,yes,mailed check,59.51,3723.27,No
CUST-0556,male,0,52.0,yes,fiber optic,month-to-month,yes,credit card,43.41,2363.9,Yes
CUST-0730,male,0,23.0,yes,fiber optic,month-to-month,yes,credit card,66.03,1467.84,No
CUST-0402,female,0,70.0,yes,dsl,two year,yes,mailed check,60.24,4341.29,No
CUST-0703,male,0,64.0,yes,fiber optic,month-to-month,yes,credit card,33.05,2103.77,No
CUST-0477,male,0,36.0,yes,fiber optic,month-to-month,yes,bank transfer,83.35,2392.83,Yes
CUST-0822,male,0,7.0,yes,fiber optic,one year,yes,electronic check,77.39,1897.93,No
CUST-0772,female,0,28.0,yes,fiber optic,month-to-month,yes,credit card,63.66,1741.56,No
CUST-0106,male,0,8.0,yes,no,month-to-month,no,electronic check,70.39,570.16,No
CUST-0566,female,0,53.0,yes,dsl,one year,yes,mailed check,102.62,5359.99,No
CUST-0390,female,0,39.0,yes,dsl,month-to-month,no,bank transfer,32.7,1246.97,No
CUST-0002,female,0,35.0,yes,dsl,one year,yes,bank transfer,71.41,2420.55,No
CUST-0977,female,0,-3.0,yes,fiber optic,month-to-month,yes,mailed check,85.12,2263.66,No
CUST-0562,male,0,15.0,no,dsl,month-to-month,no,electronic check,45.06,695.68,Yes
CUST-0932,female,0,43.0,yes,fiber optic,month-to-month,no,bank transfer,41.31,1802.73,No
CUST-0081,female,0,68.0,yes,fiber optic,one year,yes,mailed check,104.22,7034.21,No
CUST-0206,male,0,38.0,yes,fiber optic,one year,no,electronic check,32.1,1897.93,No
CUST-0035,female,0,37.0,yes,fiber optic,one year,no,credit card,23.38,878.29,No
CUST-0776,male,0,21.0,yes,no,month-to-month,no,electronic check,103.8,2201.65,No
CUST-0509,female,0,34.0,yes,fiber optic,month-to-month,no,electronic check,52.2,1781.83,Yes
CUST-0428,female,1,53.0,yes,fiber optic,month-to-month,yes,credit card,54.33,2877.48,Yes
CUST-0455,male,0,47.0,yes,fiber optic,one year,no,mailed check,22.4,1049.86,No
CUST-0367,female,0,61.0,yes,dsl,two year,yes,mailed check,109.65,6894.12,No
CUST-0092,female,0,3.0,yes,fiber optic,month-to-month,yes,bank transfer,92.43,270.7,Yes
CUST-0340,male,0,39.0,yes,no,one year,yes,mailed check,88.53,3434.84,No
CUST-0898,female,0,36.0,yes,fiber optic,two year,no,mailed check,21.45,893.42,No
CUST-0565,male,0,51.0,yes,fiber optic,one year,yes,bank transfer,85.76,4346.63,No
CUST-0346,female,0,37.0,yes,fiber optic,one year,yes,credit card,29.99,1060.33,No
CUST-0777,male,0,13.0,yes,no,one year,yes,bank transfer,106.49,1331.49,No
CUST-0242,female,0,47.0,yes,fiber optic,month-to-month,no,bank transfer,66.82,3062.03,No
CUST-0014,male,0,68.0,yes,fiber optic,month-to-month,no,credit card,90.35,1897.93,Yes
CUST-0316,female,0,6.0,yes,fiber optic,month-to-month,yes,credit card,56.56,1897.93,Yes
CUST-0601,male,0,19.0,yes,dsl,month-to-month,yes,credit card,104.08,1978.17,No
CUST-0388,male,0,15.0,yes,dsl,month-to-month,no,bank transfer,64.97,545.62,No
CUST-0274,female,0,69.0,yes,no,two year,yes,credit card,64.97,4623.91,No
CUST-0167,male,0,3.0,yes,fiber optic,month-to-month,no,mailed check,89.64,263.34,Yes
CUST-0841,male,0,5.0,yes,no,month-to-month,no,mailed check,79.16,381.19,No
CUST-0021,female,0,20.0,yes,dsl,month-to-month,yes,mailed check,27.88,537.96,No
CUST-0647,female,0,56.0,yes,fiber optic,month-to-month,no,mailed check,33.7,1796.79,No
CUST-0819,male,0,33.0,yes,no,month-to-month,yes,electronic check,97.72,3367.18,Yes
CUST-0485,female,0,64.0,yes,fiber optic,month-to-month,no,mailed check,74.69,4579.32,Yes
CUST-0505,female,0,69.0,yes,fiber optic,month-to-month,no,bank transfer,87.16,5770.01,Yes
CUST-0832,male,0,59.0,yes,dsl,one year,no,electronic check,94.13,5716.4,No
CUST-0244,male,1,38.0,yes,no,one year,no,mailed check,70.5,2729.8,Yes
CUST-0567,male,0,51.0,no,dsl,month-to-month,no,electronic check,102.07,4983.06,Yes
CUST-0876,male,0,38.0,yes,no,two year,no,credit card,42.4,1648.63,No
CUST-0563,male,0,27.0,yes,fiber optic,one year,yes,credit card,100.68,2823.71,No
CUST-0994,female,0,28.0,yes,fiber optic,two year,yes,electronic check,104.45,2942.93,No
CUST-0687,female,1,59.0,no,fiber optic,month-to-month,no,mailed check,109.94,6390.74,Yes
CUST-0958,male,0,65.0,yes,dsl,month-to-month,no,electronic check,36.69,2460.02,Yes
CUST-0190,male,0,16.0,yes,dsl,month-to-month,yes,credit card,67.96,1037.9,No
CUST-0783,male,0,44.0,yes,dsl,two year,no,electronic check,39.9,1758.25,No
CUST-0976,male,1,21.0,no,fiber optic,one year,yes,mailed check,94.18,2072.38,No
CUST-0700,male,0,6.0,yes,dsl,one year,yes,credit card,64.97,548.2,Yes
CUST-0476,female,0,69.0,yes,no,month-to-month,no,electronic check,76.36,5031.76,Yes
CUST-0682,male,1,24.0,yes,dsl,month-to-month,no,electronic check,105.74,2489.89,Yes
CUST-0511,female,0,51.0,yes,no,one year,no,bank transfer,92.65,1897.93,No
CUST-0059,male,0,5.0,yes,dsl,month-to-month,yes,electronic check,109.27,564.13,Yes
CUST-0475,female,0,50.0,yes,dsl,month-to-month,yes,mailed check,20.93,1068.4,No
CUST-0561,female,0,36.0,yes,no,two year,yes,credit card,64.97,927.4,No
CUST-0748,female,0,47.0,yes,dsl,two year,yes,credit card,70.01,3389.45,No
CUST-0253,female,0,52.0,yes,dsl,month-to-month,yes,bank transfer,57.39,2994.41,Yes
CUST-0022,male,0,15.0,yes,no,month-to-month,yes,credit card,92.51,1377.68,Yes
CUST-0314,female,0,1.0,yes,dsl,two year,no,credit card,103.78,99.9,No
CUST-0460,male,0,18.0,yes,dsl,month-to-month,no,bank transfer,98.48,1741.56,Yes
CUST-0161,male,0,6.0,yes,fiber optic,month-to-month,yes,electronic check,83.99,528.72,No
CUST-0277,female,0,36.0,yes,no,month-to-month,yes,bank transfer,28.21,1889.42,Yes
CUST-0956,male,1,53.0,yes,fiber optic,one year,yes,bank transfer,27.44,1480.59,No
CUST-0192,female,0,66.0,yes,fiber optic,one year,yes,electronic check,105.63,7114.84,No
CUST-0386,female,0,28.0,yes,dsl,two year,no,electronic check,99.71,2673.67,No
CUST-0806,female,0,16.0,yes,dsl,two year,yes,bank transfer,46.38,761.91,No
CUST-0414,female,0,55.0,no,dsl,month-to-month,yes,electronic check,66.23,3554.73,Yes
CUST-0492,female,0,42.0,yes,dsl,month-to-month,yes,bank transfer,64.97,1897.93,Yes
CUST-0344,male,0,54.0,yes,dsl,month-to-month,yes,bank transfer,67.41,3733.86,No
CUST-0770,female,0,44.0,yes,fiber optic,one year,yes,bank transfer,55.53,2545.32,No
CUST-0309,female,0,45.0,yes,fiber optic,month-to-month,no,electronic check,72.42,3271.21,No
CUST-0662,female,0,21.0,yes,dsl,two year,no,electronic check,107.24,2161.51,No
CUST-0131,male,0,70.0,yes,dsl,one year,no,credit card,85.06,5830.67,No
CUST-0664,male,0,-1.0,yes,dsl,month-to-month,yes,mailed check,52.17,1897.93,No
CUST-0872,male,0,-3.0,yes,no,one year,yes,electronic check,86.3,4684.72,Yes
CUST-0088,female,0,26.0,yes,dsl,one year,yes,electronic check,51.68,1369.73,No
CUST-0331,male,0,49.0,yes,fiber optic,two year,yes,electronic check,85.39,4305.4,No
CUST-0467,male,1,69.0,yes,dsl,two year,yes,electronic check,95.0,6689.62,No
CUST-0122,female,1,3.0,yes,no,two year,yes,electronic check,25.08,77.2,No
CUST-0861,female,0,49.0,yes,dsl,month-to-month,no,credit card,103.84,5307.47,No
